StockCode,Description,Revenue,Quantity,Orders,Customers,Revenue_Per_Order
23843,"PAPER CRAFT , LITTLE BIRDIE",168469.6,80995,1,1,168469.6
22423,REGENCY CAKESTAND 3 TIER,142264.75,12374,1703,881,83.53772753963594
85123A,WHITE HANGING HEART T-LIGHT HOLDER,100392.1,36706,1971,856,50.93460172501268
85099B,JUMBO BAG RED RETROSPOT,85040.54000000001,46078,1600,635,53.150337500000006
23166,MEDIUM CERAMIC TOP STORAGE JAR,81416.73000000001,77916,195,138,417.5216923076924
POST,POSTAGE,77803.96,3120,1099,331,70.79523202911739
47566,PARTY BUNTING,68785.23000000001,15279,1379,708,49.88051486584482
84879,ASSORTED COLOUR BIRD ORNAMENT,56413.03,35263,1375,678,41.02765818181818
M,Manual,53419.93,6933,253,197,211.14596837944663
23084,RABBIT NIGHT LIGHT,51251.24,27153,801,450,63.984069912609236
79321,CHILLI LIGHTS,46265.11,9646,519,205,89.14279383429673
22086,PAPER CHAIN KIT 50'S CHRISTMAS ,42584.130000000005,15591,980,613,43.45319387755102
22502,PICNIC BASKET WICKER 60 PIECES,39619.5,61,2,1,19809.75
21137,BLACK RECORD COVER FRAME,39045.8,11401,313,140,124.74696485623004
22386,JUMBO BAG PINK POLKADOT,37254.36,20148,871,372,42.77194029850747
23284,DOORMAT KEEP CALM AND COME IN,35880.85,5338,648,378,55.37168209876543
23298,SPOTTY BUNTING,35509.55,7633,1003,571,35.403339980059826
82484,WOOD BLACK BOARD ANT WHITE FINISH,34414.71,5913,604,285,56.97799668874172
22720,SET OF 3 CAKE TINS PANTRY DESIGN ,33298.3,7010,1146,640,29.056108202443284
22960,JAM MAKING SET WITH JARS,32616.22,8140,878,573,37.14831435079727
85099F,JUMBO BAG STRAWBERRY,30569.32,16771,654,315,46.74207951070336
22178,VICTORIAN GLASS HANGING T-LIGHT,28735.36,22404,815,403,35.258110429447854
22470,HEART OF WICKER LARGE,28479.65,9577,801,485,35.555118601747814
22469,HEART OF WICKER SMALL,28217.09,16768,961,573,29.362216441207075
20725,LUNCH BAG RED RETROSPOT,27868.8,17576,1288,532,21.637267080745342
23245,SET OF 3 REGENCY CAKE TINS,26566.280000000002,5844,718,472,37.00038997214485
23199,JUMBO BAG APPLES,26426.3,13875,718,344,36.805431754874654
22727,ALARM CLOCK BAKELIKE RED ,25868.95,7206,877,388,29.49709236031927
22910,PAPER CHAIN KIT VINTAGE CHRISTMAS,25639.77,9423,697,470,36.785896700143475
20685,DOORMAT RED RETROSPOT,25364.85,3897,576,329,44.036197916666666
21175,GIN + TONIC DIET METAL SIGN,24944.88,11501,655,330,38.08378625954199
22699,ROSES REGENCY TEACUP AND SAUCER ,24827.250000000004,9119,783,423,31.707854406130274
22629,SPACEBOY LUNCH BOX ,24673.14,13908,704,322,35.04707386363636
23355,HOT WATER BOTTLE KEEP CALM,24302.55,5313,719,474,33.80048678720445
23201,JUMBO BAG ALPHABET,24160.44,12533,752,396,32.12824468085106
22457,NATURAL SLATE HEART CHALKBOARD ,24089.170000000002,8427,967,587,24.91124095139607
21181,PLEASE ONE PERSON METAL SIGN,23865.820000000003,11932,694,361,34.38878962536023
21915,RED  HARMONICA IN BOX ,23756.43,20945,561,349,42.34657754010695
85099C,JUMBO  BAG BAROQUE BLACK WHITE,23630.58,12771,649,306,36.41075500770416
48138,DOORMAT UNION FLAG,23622.54,3614,516,313,45.780116279069766
22112,CHOCOLATE HOT WATER BOTTLE,23584.64,5152,700,382,33.692342857142854
22197,POPCORN HOLDER,23417.51,30919,632,295,37.05302215189873
23173,REGENCY TEAPOT ROSES ,23033.52,2662,354,248,65.0664406779661
22138,BAKING SET 9 PIECE RETROSPOT ,22953.100000000002,4786,854,581,26.877166276346607
48187,DOORMAT NEW ENGLAND,22783.8,3698,531,314,42.90734463276836
22189,CREAM HEART CARD HOLDER,22687.920000000002,8188,452,274,50.19451327433629
21623,VINTAGE UNION JACK MEMOBOARD,22679.28,3252,205,139,110.63063414634146
21733,RED HANGING HEART T-LIGHT HOLDER,22595.190000000002,7749,679,385,33.27715758468336
23243,SET OF TEA COFFEE SUGAR TINS PANTRY,22109.079999999998,4658,385,275,57.42618181818181
22326,ROUND SNACK BOXES SET OF4 WOODLAND ,22101.77,8075,595,281,37.14583193277311
21931,JUMBO STORAGE BAG SUKI,21784.84,11513,774,333,28.14578811369509
48185,DOORMAT FAIRY CAKE,21171.79,3427,241,143,87.8497510373444
22961,JAM MAKING SET PRINTED,21147.55,15039,868,537,24.363536866359446
21621,VINTAGE UNION JACK BUNTING,20945.16,2538,391,267,53.5681841432225
23202,JUMBO BAG VINTAGE LEAF,20921.55,10695,772,377,27.100453367875648
22726,ALARM CLOCK BAKELIKE GREEN,20839.15,5630,789,322,26.412103929024084
22666,RECIPE BOX PANTRY YELLOW DESIGN,20838.620000000003,7366,828,471,25.167415458937203
15056N,EDWARDIAN PARASOL NATURAL,20672.91,3822,378,184,54.690238095238094
23203,JUMBO BAG VINTAGE DOILY ,20641.4,10620,621,363,33.2389694041868
22722,SET OF 6 SPICE TINS PANTRY DESIGN,20482.600000000002,5360,653,393,31.366921898928027
85066,CREAM SWEETHEART MINI CHEST,20448.17,1696,445,289,45.950943820224715
22139,RETROSPOT TEA SET CERAMIC 11 PC ,20426.23,4239,823,488,24.819234507897935
21166,COOK WITH WINE METAL SIGN ,20232.13,10169,602,287,33.608189368770766
22411,JUMBO SHOPPER VINTAGE RED PAISLEY,20116.38,10490,790,375,25.463772151898734
22630,DOLLY GIRL LUNCH BOX,20104.09,11323,616,287,32.63650974025974
22111,SCOTTIE DOG HOT WATER BOTTLE,20049.9,4248,656,425,30.563871951219515
82482,WOODEN PICTURE FRAME WHITE FINISH,19945.45,8256,876,410,22.768778538812786
48194,DOORMAT HEARTS,19924.66,3268,480,286,41.509708333333336
21731,RED TOADSTOOL LED NIGHT LIGHT,19831.71,12863,522,266,37.9917816091954
22659,LUNCH BOX I LOVE LONDON,19316.17,11075,504,213,38.32573412698412
21523,DOORMAT FANCY FONT HOME SWEET HOME,19149.07,3087,397,203,48.23443324937028
20713,JUMBO BAG OWLS,19047.02,10451,411,207,46.343114355231144
22090,PAPER BUNTING RETROSPOT,18785.99,6877,567,325,33.132257495590835
22728,ALARM CLOCK BAKELIKE PINK,18539.09,5066,613,291,30.24321370309951
21929,JUMBO BAG PINK VINTAGE PAISLEY,18427.9,9888,602,308,30.611129568106314
23206,LUNCH BAG APPLE DESIGN,18220.5,11530,866,401,21.03983833718245
20727,LUNCH BAG  BLACK SKULL.,17950.3,11246,1052,458,17.063022813688214
21843,RED RETROSPOT CAKE STAND,17918.8,1808,421,260,42.5624703087886
22697,GREEN REGENCY TEACUP AND SAUCER,17735.54,6406,691,387,25.666483357452968
23344,JUMBO BAG 50'S CHRISTMAS ,17636.04,8933,586,391,30.09563139931741
82494L,WOODEN FRAME ANTIQUE WHITE ,17583.77,6268,811,392,21.681590628853268
22328,ROUND SNACK BOXES SET OF 4 FRUITS ,17569.59,6469,458,227,38.36155021834061
84347,ROTATING SILVER ANGELS T-LIGHT HLDR,17554.27,7892,305,192,57.55498360655738
22969,HOMEMADE JAM SCENTED CANDLES,17504.2,12080,518,429,33.79189189189189
22467,GUMBALL COAT RACK,17488.55,7652,570,262,30.681666666666665
21108,FAIRY CAKE FLANNEL ASSORTED COLOUR,17291.57,10070,192,160,90.06026041666667
22693,GROW A FLYTRAP OR SUNFLOWER IN TIN,17226.2,15940,239,167,72.07615062761506
20728,LUNCH BAG CARS BLUE,17214.53,10789,966,479,17.820424430641822
23203,JUMBO BAG DOILEY PATTERNS,16737.1,8735,454,299,36.865859030837
71477,COLOUR GLASS. STAR T-LIGHT HOLDER,16566.34,5654,221,145,74.960814479638
20914,SET/5 RED RETROSPOT LID GLASS BOWLS,16537.13,5871,763,356,21.673826998689385
21212,PACK OF 72 RETROSPOT CAKE CASES,16381.88,33670,1029,635,15.920194363459668
22384,LUNCH BAG PINK POLKADOT,16303.3,10226,931,444,17.51160042964554
22865,HAND WARMER OWL DESIGN,16113.730000000001,8056,572,375,28.170856643356647
15036,ASSORTED COLOURS SILK FAN,16044.44,21876,324,194,49.519876543209875
22492,MINI PAINT SET VINTAGE ,16039.24,26076,325,213,49.35150769230769
21485,RETROSPOT HEART HOT WATER BOTTLE,15827.18,3326,533,371,29.69452157598499
22382,LUNCH BAG SPACEBOY DESIGN ,15820.15,9875,988,490,16.0122975708502
20712,JUMBO BAG WOODLAND ANIMALS,15511.6,8187,492,248,31.527642276422764
21754,HOME BUILDING BLOCK WORD,15504.51,2633,691,360,22.437785817655573
85152,HAND OVER THE CHOCOLATE   SIGN ,15484.51,8138,590,270,26.24493220338983
22114,HOT WATER BOTTLE TEA AND SYMPATHY,15386.07,3729,514,325,29.933988326848247
22383,LUNCH BAG SUKI DESIGN ,15332.9,9570,899,399,17.055506117908788
22385,JUMBO BAG SPACEBOY DESIGN,15320.75,8231,477,247,32.11897274633124
15056BL,EDWARDIAN PARASOL BLACK,15218.67,2779,291,142,52.29783505154639
84946,ANTIQUE SILVER T-LIGHT GLASS,15176.42,12949,534,348,28.420262172284644
22077,6 RIBBONS RUSTIC CHARM,14969.84,8594,726,413,20.61961432506887
22698,PINK REGENCY TEACUP AND SAUCER,14663.29,5307,556,319,26.372823741007196
22624,IVORY KITCHEN SCALES,14638.73,1765,620,376,23.610854838709677
21928,JUMBO BAG SCANDINAVIAN BLUE PAISLEY,14626.73,7754,451,232,32.431773835920175
82483,WOOD 2 DRAWER CABINET WHITE FINISH,14573.720000000001,2324,509,241,28.632062868369353
20726,LUNCH BAG WOODLAND,14497.51,9091,820,372,17.679890243902438
22993,SET OF 4 PANTRY JELLY MOULDS,14151.42,11769,866,431,16.341131639722864
22197,SMALL POPCORN HOLDER,13789.369999999999,18241,403,228,34.216799007444166
84997D,CHILDRENS CUTLERY POLKADOT PINK,13788.300000000001,3528,323,208,42.68823529411765
22835,HOT WATER BOTTLE I AM SO POORLY,13685.130000000001,2939,505,316,27.099267326732676
84077,WORLD WAR 2 GLIDERS ASSTD DESIGNS,13558.41,54319,472,307,28.725444915254236
48184,DOORMAT ENGLISH ROSE ,13447.1,1972,356,227,37.77275280898876
22084,PAPER CHAIN KIT EMPIRE,13411.550000000001,4885,374,277,35.85975935828877
84029E,RED WOOLLY HOTTIE WHITE HEART.,13311.26,3676,321,228,41.46809968847352
22847,BREAD BIN DINER STYLE IVORY,13131.89,847,341,214,38.509941348973605
22622,BOX OF VINTAGE ALPHABET BLOCKS,13035.66,1295,231,174,56.43142857142857
23200,JUMBO BAG PEARS,13034.92,6729,470,262,27.73387234042553
84078A,SET/4 WHITE RETRO STORAGE CUBES ,13007.150000000001,357,106,79,122.70896226415095
23108,SET OF 10 LED DOLLY LIGHTS,12972.73,2192,351,271,36.95934472934473
23313,VINTAGE CHRISTMAS BUNTING,12960.12,2748,359,254,36.100612813370475
23356,LOVE HOT WATER BOTTLE,12954.75,2325,449,316,28.852449888641427
82583,HOT BATHS METAL SIGN,12731.34,6367,385,206,33.06841558441558
84978,HANGING HEART JAR T-LIGHT HOLDER,12650.97,10961,572,304,22.117080419580418
22752,SET 7 BABUSHKA NESTING BOXES,12639.79,1651,297,188,42.55821548821549
22558,CLOTHES PEGS RETROSPOT PACK 24 ,12525.21,8405,639,363,19.6012676056338
23301,GARDENERS KNEELING PAD KEEP CALM ,12463.78,7722,756,405,16.486481481481484
22507,MEMO BOARD RETROSPOT  DESIGN,12411.02,2786,348,230,35.66385057471265
22188,BLACK HEART CARD HOLDER,12257.95,4843,166,123,73.84307228915664
20750,RED RETROSPOT MINI CASES,12208.85,1711,365,235,33.448904109589044
22866,HAND WARMER SCOTTY DOG DESIGN,12204.660000000002,6097,471,329,25.912229299363062
22171,3 HOOK PHOTO SHELF ANTIQUE WHITE,12160.08,1706,304,172,40.000263157894736
22113,GREY HEART HOT WATER BOTTLE,12148.9,3145,511,337,23.774755381604695
22551,PLASTERS IN TIN SPACEBOY,12138.6,7656,579,339,20.96476683937824
22941,CHRISTMAS LIGHTS 10 REINDEER,12133.0,1570,253,205,47.95652173913044
20749,ASSORTED COLOUR MINI CASES,12107.51,1717,365,239,33.17126027397261
22867,HAND WARMER BIRD DESIGN,12064.630000000001,5993,474,333,25.452805907172998
21524,DOORMAT SPOTTY HOME SWEET HOME,12055.32,1657,405,251,29.766222222222222
23207,LUNCH BAG ALPHABET DESIGN,11994.41,7533,647,377,18.538500772797526
22083,PAPER CHAIN KIT RETROSPOT,11935.310000000001,4265,444,294,26.88132882882883
22379,RECYCLING BAG RETROSPOT ,11913.03,6074,407,187,29.27034398034398
DOT,DOTCOM POSTAGE,11906.36,16,16,1,744.1475
22625,RED KITCHEN SCALES,11836.23,1469,448,292,26.420156249999998
22568,FELTCRAFT CUSHION OWL,11756.8,3277,417,244,28.19376498800959
22273,FELTCRAFT DOLL MOLLY,11748.24,4464,293,211,40.09638225255973
47590B,PINK HAPPY BIRTHDAY BUNTING,11666.35,2283,359,238,32.496796657381616
22554,PLASTERS IN TIN WOODLAND ANIMALS,11620.93,7297,587,351,19.797155025553664
20971,PINK BLUE FELT CRAFT TRINKET BOX,11619.39,10217,457,277,25.425361050328227
23077,DOUGHNUT LIP GLOSS ,11615.7,9642,308,217,37.71331168831169
21977,PACK OF 60 PINK PAISLEY CAKE CASES,11611.0,24230,669,410,17.35575485799701
23174,REGENCY SUGAR BOWL GREEN,11567.24,2954,268,190,43.16134328358209
22607,WOODEN ROUNDERS GARDEN SET ,11561.34,1265,303,224,38.15623762376238
22149,FELTCRAFT 6 FLOWER FRIENDS,11549.59,5882,461,337,25.053340563991323
48188,DOORMAT WELCOME PUPPIES,11536.25,2027,252,163,45.77876984126984
22191,IVORY DINER WALL CLOCK,11527.7,1419,391,239,29.482608695652175
22427,ENAMEL FLOWER JUG CREAM,11421.130000000001,1991,441,311,25.89825396825397
21755,LOVE BUILDING BLOCK WORD,11398.710000000001,1923,555,337,20.538216216216217
82486,WOOD S/3 CABINET ANT WHITE FINISH,11343.199999999999,1364,373,183,30.41072386058981
22193,RED DINER WALL CLOCK,11048.89,1349,416,206,26.55983173076923
21232,STRAWBERRY CERAMIC TRINKET BOX,10883.02,9318,507,296,21.46552268244576
21930,JUMBO STORAGE BAG SKULLS,10865.83,5694,471,220,23.069702760084926
22501,PICNIC BASKET WICKER LARGE,10799.0,1192,257,187,42.01945525291829
22570,FELTCRAFT CUSHION RABBIT,10672.31,3012,324,202,32.939228395061726
22413,METAL SIGN TAKE IT OR LEAVE IT ,10638.45,3687,351,228,30.30897435897436
21790,VINTAGE SNAP CARDS,10441.47,13329,722,449,14.461869806094182
47566B,TEA TIME PARTY BUNTING,10430.400000000001,2288,313,192,33.323961661341855
21936,RED RETROSPOT PICNIC BAG,10365.76,3756,385,223,26.92405194805195
23209,LUNCH BAG VINTAGE DOILY ,10347.66,6438,538,319,19.2335687732342
22662,LUNCH BAG DOLLY GIRL DESIGN,10330.99,6527,598,310,17.275903010033446
23209,LUNCH BAG DOILEY PATTERN ,10323.05,6477,464,290,22.247952586206896
22730,ALARM CLOCK BAKELIKE IVORY,10259.36,2721,468,241,21.921709401709403
22087,PAPER BUNTING WHITE LACE,10243.4,3772,257,155,39.85758754863813
85014B,RED RETROSPOT UMBRELLA,10217.720000000001,1841,303,210,33.721848184818484
21479,WHITE SKULL HOT WATER BOTTLE ,10215.47,2699,378,252,27.02505291005291
22617,BAKING SET SPACEBOY DESIGN,10210.89,2153,424,296,24.082287735849054
23170,REGENCY TEA PLATE ROSES ,10170.99,6563,328,224,31.009115853658535
21340,CLASSIC METAL BIRDCAGE PLANT HOLDER,10123.16,925,260,179,38.93523076923077
20724,RED RETROSPOT CHARLOTTE BAG,10122.45,12805,739,335,13.697496617050069
47590A,BLUE HAPPY BIRTHDAY BUNTING,10096.62,1948,355,228,28.44118309859155
22988,SOLDIERS EGG CUP ,10070.22,8757,327,197,30.79577981651376
21891,TRADITIONAL WOODEN SKIPPING ROPE,9998.32,7904,340,264,29.406823529411763
23208,LUNCH BAG VINTAGE LEAF DESIGN,9950.35,6191,597,305,16.667252931323283
23300,GARDENERS KNEELING PAD CUP OF TEA ,9933.69,6285,635,351,15.6436062992126
22499,WOODEN UNION JACK BUNTING,9928.83,1734,296,217,33.54334459459459
84997C,CHILDRENS CUTLERY POLKADOT BLUE,9827.25,2523,211,150,46.574644549763036
48173C,DOORMAT BLACK FLOCK ,9797.75,1784,173,105,56.634393063583815
23343,JUMBO BAG VINTAGE CHRISTMAS ,9742.1,4905,385,286,25.304155844155844
21080,SET/20 RED RETROSPOT PAPER NAPKINS ,9649.99,12305,732,427,13.183046448087431
23076,ICE CREAM SUNDAE LIP GLOSS,9638.16,7896,248,202,38.86354838709677
22569,FELTCRAFT CUSHION BUTTERFLY,9632.98,2692,294,192,32.7652380952381
22690,DOORMAT HOME SWEET HOME BLUE ,9619.99,1595,261,198,36.858199233716476
84997B,CHILDRENS CUTLERY RETROSPOT RED ,9603.68,2492,229,157,41.9374672489083
22846,BREAD BIN DINER STYLE RED ,9597.31,626,249,158,38.54341365461847
22556,PLASTERS IN TIN CIRCUS PARADE ,9588.71,5947,521,305,18.40443378119002
22970,LONDON BUS COFFEE MUG,9582.15,4213,276,180,34.717934782608694
82600,NO SINGING METAL SIGN,9571.5,4635,384,207,24.92578125
84755,COLOUR GLASS T-LIGHT HOLDER HANGING,9566.51,15563,529,318,18.084139886578452
22605,WOODEN CROQUET GARDEN SET,9555.98,709,240,181,39.816583333333334
22633,HAND WARMER UNION JACK,9516.960000000001,4730,441,300,21.580408163265307
22692,DOORMAT WELCOME TO OUR HOME,9451.58,1376,338,231,27.96325443786982
22555,PLASTERS IN TIN STRONGMAN,9444.14,5874,449,294,21.033719376391982
21430,SET/3 RED GINGHAM ROSE STORAGE BOX,9401.82,2698,319,186,29.472789968652037
85048,15CM CHRISTMAS GLASS BALL 20 LIGHTS,9374.7,1266,214,170,43.8070093457944
84029G,KNITTED UNION FLAG HOT WATER BOTTLE,9313.17,2465,319,211,29.194890282131663
22621,TRADITIONAL KNITTING NANCY,9294.57,5893,509,366,18.260451866404715
22560,TRADITIONAL MODELLING CLAY,9281.47,7990,336,229,27.623422619047616
22766,PHOTO FRAME CORNICE,9277.28,3176,454,278,20.434537444933923
84947,ANTIQUE SILVER TEA GLASS ENGRAVED,9271.84,8219,278,177,33.35194244604317
23240,SET OF 4 KNICK KNACK TINS DOILY ,9237.3,2286,312,230,29.60673076923077
21914,BLUE HARMONICA IN BOX ,9218.88,7431,517,306,17.831489361702126
21481,FAWN BLUE HOT WATER BOTTLE,9196.050000000001,2919,379,253,24.263984168865438
23171,REGENCY TEA PLATE GREEN ,9184.9,5966,270,195,34.01814814814815
22978,PANTRY ROLLING PIN,9180.53,2406,197,153,46.60167512690356
21217,RED RETROSPOT ROUND CAKE TINS,9178.3,974,257,167,35.713229571984435
22561,WOODEN SCHOOL COLOURING SET,9064.62,5690,395,288,22.94840506329114
20679,EDWARDIAN PARASOL RED,9055.87,1630,270,141,33.540259259259265
23175,REGENCY MILK JUG PINK ,8995.0,3062,272,206,33.06985294117647
22992,REVOLVER WOODEN RULER ,8944.439999999999,4914,285,217,31.383999999999997
22838,3 TIER CAKE TIN RED AND CREAM,8737.78,652,136,115,64.24838235294118
21559,STRAWBERRY LUNCH BOX WITH CUTLERY,8721.89,3711,426,233,20.473920187793425
85150,LADIES & GENTLEMEN METAL SIGN,8696.58,3898,367,196,23.696403269754768
84375,SET OF 20 KIDS COOKIE CUTTERS,8676.27,4139,416,290,20.85641826923077
20972,PINK CREAM FELT CRAFT TRINKET BOX ,8617.24,7106,535,312,16.106990654205607
22966,GINGERBREAD MAN COOKIE CUTTER,8615.13,7196,554,388,15.550776173285197
84991,60 TEATIME FAIRY CAKE CASES,8604.619999999999,17664,657,414,13.09683409436834
22619,SET OF 6 SOLDIER SKITTLES,8571.25,2290,339,250,25.283923303834808
82582,AREA PATROLLED METAL SIGN,8548.02,4288,374,176,22.85566844919786
22632,HAND WARMER RED RETROSPOT,8513.52,4268,341,258,24.966334310850442
23582,VINTAGE DOILY JUMBO BAG RED ,8508.220000000001,4434,234,186,36.35991452991453
21791,VINTAGE HEADS AND TAILS CARD GAME ,8500.16,7118,485,342,17.526103092783504
23581,JUMBO BAG PAISLEY PARK,8498.04,4358,302,230,28.13920529801325
22424,ENAMEL BREAD BIN CREAM,8493.5,711,326,189,26.053680981595093
22041,"RECORD FRAME 7"" SINGLE SIZE ",8450.82,3812,196,73,43.11642857142857
22169,FAMILY ALBUM WHITE PICTURE FRAME,8408.14,1074,286,165,29.39909090909091
22776,SWEETHEART CAKESTAND 3 TIER,8366.65,891,326,252,25.66457055214724
21174,POTTERING IN THE SHED METAL SIGN,8364.640000000001,3922,371,225,22.546199460916444
23318,BOX OF 6 MINI VINTAGE CRACKERS,8345.43,3645,329,270,25.366048632218845
21216,"SET 3 RETROSPOT TEA,COFFEE,SUGAR",8330.12,1836,241,150,34.5648132780083
22989,SET 2 PANTRY DESIGN TEA TOWELS,8310.17,2693,311,241,26.7208038585209
22147,FELTCRAFT BUTTERFLY HEARTS,8308.75,6123,436,287,19.056766055045873
22791,T-LIGHT GLASS FLUTED ANTIQUE,8288.89,7264,260,184,31.88034615384615
22759,SET OF 3 NOTEBOOKS IN PARCEL,8267.25,5197,319,253,25.91614420062696
84945,MULTI COLOUR SILVER T-LIGHT HOLDER,8259.25,10267,306,208,26.991013071895424
23319,BOX OF 6 MINI 50'S CRACKERS,8169.4800000000005,3520,365,300,22.382136986301372
71459,HANGING JAM JAR T-LIGHT HOLDER,8164.12,10528,310,193,26.335870967741936
23322,LARGE WHITE HEART OF WICKER,8137.500000000001,2892,511,350,15.924657534246577
22655,VINTAGE RED KITCHEN CABINET,8125.0,60,38,34,213.81578947368422
23082,SET 6 PAPER TABLE LANTERN HEARTS ,8110.68,2260,263,205,30.839087452471485
23078,ICE CREAM PEN LIP GLOSS ,8077.31,6607,213,159,37.92164319248826
48116,DOORMAT MULTICOLOUR STRIPE,8045.2699999999995,1418,141,88,57.0586524822695
22734,SET OF 6 RIBBONS VINTAGE CHRISTMAS,8040.27,2839,329,278,24.438510638297874
22749,FELTCRAFT PRINCESS CHARLOTTE DOLL,8022.76,2210,401,275,20.006882793017457
22158,3 HEARTS HANGING DECORATION RUSTIC,8013.71,2845,261,196,30.703869731800765
22729,ALARM CLOCK BAKELIKE ORANGE,7984.38,2179,359,179,22.240612813370475
23256,CHILDRENS CUTLERY SPACEBOY ,7966.08,1980,316,225,25.209113924050634
21210,SET OF 72 RETROSPOT PAPER  DOILIES,7943.0199999999995,5677,365,244,21.761698630136983
23080,RED METAL BOX TOP SECRET,7920.78,998,221,148,35.84063348416289
22667,RECIPE BOX RETROSPOT ,7896.85,2851,441,233,17.906689342403627
21121,SET/10 RED POLKADOT PARTY CANDLES,7794.18,6498,336,238,23.196964285714287
22652,TRAVEL SEWING KIT,7779.11,4859,394,263,19.743934010152284
72741,GRAND CHOCOLATECANDLE,7758.95,5783,249,195,31.16044176706827
22502,PICNIC BASKET WICKER SMALL,7728.85,1424,232,175,33.314008620689656
84378,SET OF 3 HEART COOKIE CUTTERS,7719.34,6001,521,376,14.816391554702495
20711,JUMBO BAG TOYS ,7689.28,4198,245,152,31.38481632653061
22940,FELTCRAFT CHRISTMAS FAIRY,7658.93,1881,302,240,25.36069536423841
22768,FAMILY PHOTO FRAME CORNICE,7636.889999999999,836,233,184,32.77635193133047
35970,ZINC FOLKART SLEIGH BELLS,7631.31,4627,339,270,22.511238938053097
23439,HAND WARMER RED LOVE HEART,7574.1,3721,371,268,20.415363881401618
22192,BLUE DINER WALL CLOCK,7528.93,907,338,179,22.274940828402368
23328,SET 6 SCHOOL MILK BOTTLES IN CRATE,7495.29,2063,281,195,26.673629893238434
21136,PAINTED METAL PEARS ASSORTED,7454.22,4454,352,259,21.176761363636363
22952,60 CAKE CASES VINTAGE CHRISTMAS,7405.2,14712,466,342,15.89098712446352
21314,SMALL GLASS HEART TRINKET POT,7399.960000000001,3664,342,215,21.63730994152047
22557,PLASTERS IN TIN VINTAGE PAISLEY ,7331.84,4564,480,315,15.274666666666667
21770,OPEN CLOSED METAL SIGN,7296.51,1574,341,263,21.397390029325514
20719,WOODLAND CHARLOTTE BAG,7261.94,9219,531,238,13.675969868173258
22616,PACK OF 12 LONDON TISSUES ,7261.7699999999995,25329,382,195,19.009869109947644
21908,CHOCOLATE THIS WAY METAL SIGN,7204.320000000001,3633,374,220,19.262887700534762
21889,WOODEN BOX OF DOMINOES,7200.95,5766,449,336,16.037750556792872
22900, SET 2 TEA TOWELS I LOVE LONDON ,7190.95,2621,192,131,37.45286458333333
84949,SILVER HANGING T-LIGHT HOLDER,7173.45,4653,250,165,28.6938
22585,PACK OF 6 BIRDY GIFT TAGS,7135.95,6051,319,241,22.36974921630094
23240,SET OF 4 KNICK KNACK TINS DOILEY ,7132.7,1802,172,142,41.46918604651162
84406B,CREAM CUPID HEARTS COAT HANGER,7121.2300000000005,1917,241,133,29.548672199170127
23238,SET OF 4 KNICK KNACK TINS LONDON ,7116.65,1775,233,150,30.543562231759655
22355,CHARLOTTE BAG SUKI DESIGN,7114.85,8947,585,249,12.162136752136753
22144,CHRISTMAS CRAFT LITTLE FRIENDS,7109.2,3459,421,319,16.88646080760095
84836,ZINC METAL HEART DECORATION,7099.93,5750,476,311,14.915819327731093
22750,FELTCRAFT PRINCESS LOLA DOLL,7095.69,1945,378,247,18.771666666666665
22795,SWEETHEART RECIPE BOOK STAND,7077.900000000001,1098,287,170,24.661672473867597
21218,RED SPOTTY BISCUIT TIN,7071.2,2058,203,130,34.83349753694581
23007, SPACEBOY BABY GIFT SET,7048.549999999999,449,142,110,49.63767605633802
22741,FUNKY DIVA PEN,7010.94,8328,155,107,45.23187096774193
22950,36 DOILIES VINTAGE CHRISTMAS,7004.8,5152,160,151,43.78
21787,RAIN PONCHO RETROSPOT,6962.08,8752,180,115,38.678222222222225
23215,JINGLE BELL HEART ANTIQUE SILVER,6955.8,3544,197,162,35.30862944162437
22767,TRIPLE PHOTO FRAME CORNICE ,6932.83,761,208,152,33.33091346153846
23320,GIANT 50'S CHRISTMAS CRACKER,6907.52,2628,310,260,22.28232258064516
21231,SWEETHEART CERAMIC TRINKET BOX,6864.610000000001,5748,381,215,18.01734908136483
21213,PACK OF 72 SKULL CAKE CASES,6855.46,14302,499,295,13.738396793587174
22991,GIRAFFE WOODEN RULER,6816.84,3708,234,185,29.131794871794874
22456,NATURAL SLATE CHALKBOARD LARGE ,6813.400000000001,1448,303,220,22.486468646864687
84970S,HANGING HEART ZINC T-LIGHT HOLDER,6808.49,8444,412,271,16.525461165048544
21035,SET/2 RED RETROSPOT TEA TOWELS ,6807.01,2315,219,151,31.082237442922377
22771,CLEAR DRAWER KNOB ACRYLIC EDWARDIAN,6803.17,5657,321,168,21.193676012461058
23321,SMALL WHITE HEART OF WICKER,6798.1,4262,582,378,11.680584192439863
22487,WHITE WOOD GARDEN PLANT LADDER,6768.86,723,379,278,17.859788918205805
22844,VINTAGE CREAM DOG FOOD CONTAINER,6753.85,823,292,176,23.129623287671233
22333,RETROSPOT PARTY BAG + STICKER SET,6745.929999999999,4389,267,167,25.265655430711607
21169,YOU'RE CONFUSING ME METAL SIGN ,6743.9800000000005,4270,342,191,19.719239766081873
23493,VINTAGE DOILY TRAVEL SEWING KIT,6736.2,3516,349,282,19.301432664756447
23083,SET 6 PAPER TABLE LANTERN STARS ,6735.88,1859,209,161,32.22909090909091
20969,RED FLORAL FELTCRAFT SHOULDER BAG,6726.81,1874,257,157,26.1743579766537
84380,SET OF 3 BUTTERFLY COOKIE CUTTERS,6711.0,5287,498,325,13.475903614457831
22352,LUNCH BOX WITH CUTLERY RETROSPOT ,6705.04,2848,324,185,20.694567901234567
21877,HOME SWEET HOME MUG,6698.56,5340,293,174,22.861979522184303
48111,DOORMAT 3 SMILEY CATS,6690.8,1104,174,111,38.45287356321839
C2,CARRIAGE,6686.0,134,133,29,50.27067669172932
23297,SET 40 HEART SHAPE PETIT FOUR CASES,6677.0,4260,140,123,47.69285714285714
22634,CHILDS BREAKFAST SET SPACEBOY ,6652.0,728,203,155,32.76847290640394
21955,DOORMAT UNION JACK GUNS AND ROSES,6619.41,1157,155,108,42.70587096774194
84997A,CHILDRENS CUTLERY POLKADOT GREEN ,6599.06,1688,166,114,39.75337349397591
22840,ROUND CAKE TIN VINTAGE RED,6576.88,888,250,193,26.30752
22294,HEART FILIGREE DOVE  SMALL,6574.82,5362,246,162,26.72691056910569
22627,MINT KITCHEN SCALES,6574.29,789,304,193,21.62595394736842
22968,ROSE COTTAGE KEEPSAKE BOX ,6565.0,728,144,118,45.59027777777778
22367,CHILDRENS APRON SPACEBOY DESIGN,6560.79,3537,448,298,14.644620535714285
22725,ALARM CLOCK BAKELIKE CHOCOLATE,6559.26,1772,322,171,20.370372670807456
23008,DOLLY GIRL BABY GIFT SET,6534.049999999999,419,120,99,54.45041666666666
23254,CHILDRENS CUTLERY DOLLY GIRL ,6525.55,1621,268,197,24.349067164179104
22909,SET OF 20 VINTAGE CHRISTMAS NAPKINS,6520.91,8111,489,368,13.33519427402863
22553,PLASTERS IN TIN SKULLS,6461.25,4009,439,281,14.718109339407745
23293,SET OF 12 FAIRY CAKE BAKING CASES,6457.0,8228,465,323,13.886021505376345
23134,LARGE ZINC HEART WALL ORGANISER,6414.48,1064,37,29,173.36432432432431
21259,VICTORIAN SEWING BOX SMALL ,6402.360000000001,1123,237,133,27.014177215189875
21165,BEWARE OF THE CAT METAL SIGN ,6401.93,4025,359,178,17.83267409470752
22170,PICTURE FRAME WOOD TRIPLE PORTRAIT,6378.150000000001,1023,225,142,28.347333333333335
85014A,BLACK/BLUE POLKADOT UMBRELLA,6361.990000000001,1132,256,183,24.851523437500003
21122,SET/10 PINK POLKADOT PARTY CANDLES,6346.08,5251,304,214,20.875263157894736
22637,PIGGY BANK RETROSPOT ,6298.37,2615,262,188,24.039580152671757
22505,MEMO BOARD COTTAGE DESIGN,6286.39,1361,262,186,23.993854961832064
22173,METAL 4 HOOK HANGER FRENCH CHATEAU,6267.39,2149,337,210,18.59759643916914
84992,72 SWEETHEART FAIRY CAKE CASES,6252.349999999999,13029,501,325,12.479740518962075
23553,LANDMARK FRAME CAMDEN TOWN ,6244.85,557,62,50,100.7233870967742
21669,BLUE STRIPE CERAMIC DRAWER KNOB,6239.4,4936,351,167,17.776068376068373
22381,TOY TIDY PINK POLKADOT,6225.38,3167,289,133,21.541107266435986
21533,RETROSPOT LARGE MILK JUG,6217.650000000001,1307,310,209,20.05693548387097
22826,LOVE SEAT ANTIQUE WHITE METAL,6210.0,58,41,33,151.46341463414635
21668,RED STRIPE CERAMIC DRAWER KNOB,6177.53,5001,333,169,18.55114114114114
23382,BOX OF 6 CHRISTMAS CAKE DECORATIONS,6155.04,1712,163,136,37.76098159509203
21871,SAVE THE PLANET MUG,6150.13,5264,270,133,22.77825925925926
23229,VINTAGE DONKEY TAIL GAME ,6146.89,1750,215,182,28.59018604651163
82486,3 DRAWER ANTIQUE WHITE WOOD CABINET,6124.13,707,186,129,32.925430107526886
23480,MINI LIGHTS WOODLAND MUSHROOMS,6118.59,1717,173,143,35.36757225433526
22834,HAND WARMER BABUSHKA DESIGN,6118.43,4604,288,199,21.244548611111114
22631,CIRCUS PARADE LUNCH BOX ,6114.83,3371,256,168,23.8860546875
22303,COFFEE MUG APPLES DESIGN,6108.85,2764,229,155,26.676200873362447
23541,WALL ART CLASSIC PUDDINGS ,6093.49,821,118,95,51.63974576271186
75049L,LARGE CIRCULAR MIRROR MOBILE,6092.049999999999,6809,118,71,51.62754237288135
23103,JINGLE BELL HEART DECORATION,6055.95,3679,307,223,19.726221498371334
22635,CHILDS BREAKFAST SET DOLLY GIRL ,6053.05,656,180,143,33.628055555555555
21326,AGED GLASS SILVER T-LIGHT HOLDER,6052.0,10040,277,168,21.84837545126354
47556B,TEA TIME TEA TOWELS ,6045.0,2600,2,1,3022.5
22663,JUMBO BAG DOLLY GIRL DESIGN,6006.33,3096,317,171,18.947413249211355
23307,SET OF 60 PANTRY DESIGN CAKE CASES ,5974.389999999999,11661,504,366,11.853948412698411
17003,BROCADE RING PURSE ,5969.61,22927,206,136,28.978689320388348
22654,DELUXE SEWING KIT ,5968.67,1057,222,157,26.8859009009009
22620,4 TRADITIONAL SPINNING TOPS,5952.83,4486,364,260,16.353928571428572
22943,CHRISTMAS LIGHTS 10 VINTAGE BAUBLES,5939.280000000001,1274,159,128,37.35396226415095
22783,SET 3 WICKER OVAL BASKETS W LIDS,5922.12,462,32,29,185.06625
22508,DOORSTOP RETROSPOT HEART,5919.46,1511,236,177,25.082457627118643
21975,PACK OF 60 DINOSAUR CAKE CASES,5919.28,12106,529,287,11.189565217391303
22151,PLACE SETTING WHITE HEART,5912.19,14853,289,174,20.457404844290657
21380,WOODEN HAPPY BIRTHDAY GARLAND,5901.3,2090,232,138,25.436637931034483
21155,RED RETROSPOT PEG BAG,5874.95,2458,354,205,16.59590395480226
22900,SET 2 TEA TOWELS I LOVE LONDON ,5839.75,1947,176,111,33.18039772727273
22895,SET OF 2 TEA TOWELS APPLE AND PEARS,5839.59,1975,238,163,24.53609243697479
22356,CHARLOTTE BAG PINK POLKADOT,5838.09,7303,487,220,11.987864476386036
47591D,PINK FAIRY CAKE CHILDRENS APRON,5815.5599999999995,3140,397,250,14.648765743073046
21535,RED RETROSPOT SMALL MILK JUG,5804.7,2450,310,204,18.724838709677417
23172,REGENCY TEA PLATE PINK,5793.28,3688,224,160,25.86285714285714
22979,PANTRY WASHING UP BRUSH,5785.71,3913,304,225,19.031940789473683
21484,CHICK GREY HOT WATER BOTTLE,5770.27,1545,282,205,20.461950354609932
22779,WOODEN OWLS LIGHT GARLAND ,5768.6,1532,147,88,39.2421768707483
23247,BISCUIT TIN 50'S CHRISTMAS,5760.52,2048,271,231,21.256531365313656
22804,CANDLEHOLDER PINK HANGING HEART,5739.33,2035,343,222,16.73274052478134
84030E,ENGLISH ROSE HOT WATER BOTTLE,5729.66,1414,277,198,20.684693140794224
23485,BOTANICAL GARDENS WALL CLOCK ,5719.0,259,80,70,71.4875
21888,BINGO SET,5718.21,1551,280,210,20.42217857142857
23113,PANTRY CHOPPING BOARD,5695.860000000001,1138,43,39,132.4618604651163
71053,WHITE METAL LANTERN,5694.28,1586,238,145,23.925546218487394
62018,SOMBRERO ,5691.5,4402,59,39,96.46610169491525
23296,SET OF 6 TEA TIME BAKING CASES,5684.650000000001,4877,319,243,17.82021943573668
22784,LANTERN CREAM GAZEBO ,5676.87,1205,259,192,21.91841698841699
21922,UNION STRIPE WITH FRINGE  HAMMOCK,5674.14,758,167,113,33.97688622754491
84970L,SINGLE HEART ZINC T-LIGHT HOLDER,5663.53,5699,336,234,16.855744047619048
22485,SET OF 2 WOODEN MARKET CRATES,5652.9,462,165,142,34.26
48129,DOORMAT TOPIARY,5644.46,880,182,125,31.013516483516483
23204,CHARLOTTE BAG APPLES DESIGN,5632.15,7039,425,199,13.252117647058823
22971,QUEENS GUARD COFFEE MUG,5603.570000000001,2365,233,164,24.049656652360518
21156,RETROSPOT CHILDRENS APRON,5585.92,3038,292,202,19.129863013698632
21672,WHITE SPOT RED CERAMIC DRAWER KNOB,5578.14,4534,307,159,18.16983713355049
84988,SET OF 72 PINK HEART PAPER DOILIES,5565.23,3953,307,209,18.127785016286644
23311,VINTAGE CHRISTMAS STOCKING ,5564.25,2199,281,246,19.801601423487543
84997B,RED 3 PIECE RETROSPOT CUTLERY SET,5555.13,1543,97,80,57.26938144329897
23312,VINTAGE CHRISTMAS GIFT SACK,5523.0,1364,193,168,28.616580310880828
20723,STRAWBERRY CHARLOTTE BAG,5516.7,6842,492,230,11.21280487804878
21912,VINTAGE SNAKES & LADDERS,5508.53,1571,268,201,20.554216417910446
21094,SET/6 RED SPOTTY PAPER PLATES,5496.53,7351,325,179,16.912399999999998
22740,POLKADOT PEN,5475.25,6625,107,89,51.17056074766355
22150,3 STRIPEY MICE FELTCRAFT,5460.5,2914,402,288,13.583333333333334
22751,FELTCRAFT PRINCESS OLIVIA DOLL,5434.85,1511,251,184,21.652788844621515
22668,PINK BABY BUNTING,5415.66,1954,204,162,26.54735294117647
22827,RUSTIC  SEVENTEEN DRAWER SIDEBOARD,5415.0,35,26,21,208.26923076923077
23118,PARISIENNE JEWELLERY DRAWER ,5399.02,765,225,154,23.995644444444448
23135,SMALL ZINC HEART WALL ORGANISER,5378.8,1538,42,31,128.06666666666666
22796,PHOTO FRAME 3 CLASSIC HANGING,5357.549999999999,552,212,146,25.27146226415094
23169,CLASSIC GLASS COOKIE JAR,5350.2,1332,248,191,21.573387096774194
22946,WOODEN ADVENT CALENDAR CREAM,5323.05,369,89,64,59.80955056179776
23531,WALL ART BIG LOVE ,5319.36,960,97,77,54.838762886597934
23583,LUNCH BAG PAISLEY PARK  ,5251.25,3305,298,233,17.621644295302012
22349,DOG BOWL CHASING BALL DESIGN,5220.429999999999,1339,114,85,45.79324561403508
22418,10 COLOUR SPACEBOY PEN,5209.17,6267,242,179,21.525495867768594
23192,BUNDLE OF 3 ALPHABET EXERCISE BOOKS,5197.17,3269,312,224,16.657596153846153
23133,LARGE IVORY HEART WALL ORGANISER,5142.91,759,134,94,38.37992537313433
23158,SET OF 5 LUCKY CAT MAGNETS ,5117.32,2536,187,96,27.365347593582886
20718,RED RETROSPOT SHOPPER BAG,5106.56,4257,384,236,13.298333333333334
37449,CERAMIC CAKE STAND + HANGING CAKES,5074.83,561,152,106,33.38703947368421
22904,CALENDAR PAPER CUT DESIGN,5060.84,1764,234,162,21.627521367521368
22947,WOODEN ADVENT CALENDAR RED,5047.6,536,104,81,48.534615384615385
23157,SET OF 6 NATIVITY MAGNETS ,5031.55,2530,145,111,34.70034482758621
23177,TREASURE ISLAND BOOK BOX,5029.8,2428,214,174,23.50373831775701
22964,3 PIECE SPACEBOY COOKIE CUTTER SET,5026.240000000001,2510,296,216,16.98054054054054
22623,BOX OF VINTAGE JIGSAW BLOCKS ,5019.67,918,219,165,22.920867579908677
22780,LIGHT GARLAND BUTTERFILES PINK,5018.84,1340,130,82,38.60646153846154
21671,RED SPOT CERAMIC DRAWER KNOB,5018.65,4061,279,164,17.987992831541217
22141,CHRISTMAS CRAFT TREE TOP ANGEL,5015.08,2443,348,256,14.411149425287356
21258,VICTORIAN SEWING BOX LARGE,5014.23,425,106,61,47.30405660377358
84997D,PINK 3 PIECE POLKADOT CUTLERY SET,5010.400000000001,1392,101,82,49.60792079207921
23132,SMALL IVORY HEART WALL ORGANISER,4989.08,1008,141,115,35.38354609929078
22109,FULL ENGLISH BREAKFAST PLATE,4985.55,1381,158,100,31.554113924050633
20676,RED RETROSPOT BOWL,4980.7300000000005,4310,298,185,16.713859060402687
22584,PACK OF 6 PANNETONE GIFT BOXES,4975.030000000001,2012,139,117,35.79158273381295
21670,BLUE SPOT CERAMIC DRAWER KNOB,4971.22,3962,289,158,17.201453287197232
21844,RED RETROSPOT MUG,4969.150000000001,1813,134,99,37.08320895522388
22296,HEART IVORY TRELLIS LARGE,4962.43,3039,270,189,18.37937037037037
22302,COFFEE MUG PEARS  DESIGN,4957.3,2287,190,134,26.091052631578947
22907,PACK OF 20 NAPKINS PANTRY DESIGN,4954.42,6088,533,357,9.295347091932458
21673,WHITE SPOT BLUE CERAMIC DRAWER KNOB,4929.95,3971,276,154,17.86213768115942
22839,3 TIER CAKE TIN GREEN AND CREAM,4924.66,362,136,107,36.21073529411765
23154,SET OF 4 JAM JAR MAGNETS,4922.01,2441,214,141,23.000046728971963
22429,ENAMEL MEASURING JUG CREAM,4916.04,1184,315,227,15.60647619047619
23556,LANDMARK FRAME COVENT GARDEN ,4912.05,435,52,46,94.4625
23310,BUBBLEGUM RING ASSORTED,4894.83,11891,213,146,22.980422535211268
22366,DOORMAT AIRMAIL ,4887.82,722,156,104,31.332179487179484
22957,SET 3 PAPER VINTAGE CHICK PAPER EGG,4872.3,1746,196,179,24.858673469387757
84212,"ASSORTED FLOWER COLOUR ""LEIS""",4871.45,10297,103,72,47.29563106796116
22365,DOORMAT RESPECTABLE HOUSE,4865.19,729,126,83,38.61261904761904
21242,RED RETROSPOT PLATE ,4855.91,3071,222,148,21.873468468468467
23543,WALL ART KEEP CALM ,4853.5,958,74,64,65.58783783783784
21164,HOME SWEET HOME METAL SIGN ,4844.72,1712,246,166,19.6939837398374
22120,WELCOME  WOODEN BLOCK LETTERS,4826.67,502,167,121,28.902215568862275
22595,GINGHAM HEART DECORATION,4817.33,5951,331,251,14.553867069486405
23109,PACK OF SIX LED TEA LIGHTS,4808.55,1715,174,132,27.63534482758621
23126,FELTCRAFT GIRL AMELIE KIT,4799.38,982,255,187,18.821098039215688
21124,SET/10 BLUE POLKADOT PARTY CANDLES,4793.34,3966,227,180,21.11603524229075
23263,SET OF 3 WOODEN HEART DECORATIONS,4791.58,3717,389,269,12.317686375321337
22464,HANGING METAL HEART LANTERN,4789.71,3179,277,191,17.291371841155236
23162,REGENCY TEA STRAINER,4789.24,1362,142,96,33.72704225352113
22580,ADVENT CALENDAR GINGHAM SACK,4775.780000000001,834,166,126,28.76975903614458
21907,I'M ON HOLIDAY METAL SIGN,4757.35,2292,329,208,14.46003039513678
22646,CERAMIC STRAWBERRY CAKE MONEY BANK,4745.3099999999995,3919,279,185,17.008279569892473
23554,LANDMARK FRAME OXFORD STREET,4730.65,419,54,49,87.60462962962963
23555,LANDMARK FRAME NOTTING HILL ,4730.65,419,48,45,98.55520833333333
22207,FRYING PAN UNION FLAG,4727.11,1199,113,68,41.832831858407076
22297,HEART IVORY TRELLIS SMALL,4706.28,3856,221,157,21.295384615384613
22271,FELTCRAFT DOLL ROSIE,4702.120000000001,1648,256,181,18.367656250000003
21172,PARTY METAL SIGN ,4701.0199999999995,3330,371,236,12.67121293800539
23052,RECYCLED ACAPULCO MAT TURQUOISE,4694.75,571,221,147,21.243212669683256
22798,ANTIQUE GLASS DRESSING TABLE POT,4684.06,1642,188,126,24.91521276595745
22088,PAPER BUNTING COLOURED LACE,4683.1,1698,169,115,27.710650887573966
23295,SET OF 12 MINI LOAF BAKING CASES,4670.63,5957,359,250,13.010111420612814
22636,CHILDS BREAKFAST SET CIRCUS PARADE,4656.3,565,182,141,25.584065934065936
21756,BATH BUILDING BLOCK WORD,4644.53,778,242,168,19.192272727272726
22998,TRAVEL CARD WALLET KEEP CALM,4641.32,11645,437,217,10.62086956521739
23314,VINTAGE CHRISTMAS TABLECLOTH,4638.52,391,104,87,44.60115384615385
22488,NATURAL SLATE RECTANGLE CHALKBOARD,4635.26,2910,309,211,15.00084142394822
23165,LARGE CERAMIC TOP STORAGE JAR,4617.9,2950,220,167,20.990454545454543
22849,BREAD BIN DINER STYLE MINT,4612.66,302,118,79,39.09033898305085
21558,SKULL LUNCH BOX WITH CUTLERY ,4609.5,1940,265,167,17.39433962264151
23558,LANDMARK FRAME LONDON BRIDGE ,4604.2,410,47,43,97.96170212765956
22243,5 HOOK HANGER RED MAGIC TOADSTOOL,4595.099999999999,3054,108,71,42.54722222222222
22848,BREAD BIN DINER STYLE PINK,4581.4,301,111,68,41.27387387387387
23234,BISCUIT TIN VINTAGE CHRISTMAS,4567.38,1632,232,201,19.68698275862069
23159,SET OF 5 PANCAKE DAY MAGNETS,4562.7300000000005,2255,195,121,23.398615384615386
21390,FILIGRIS HEART WITH BUTTERFLY,4540.38,3778,174,120,26.094137931034485
23286,BLUE VINTAGE SPOT BEAKER,4528.29,4901,164,125,27.6115243902439
23569,TRADTIONAL ALPHABET STAMP SET,4497.3,926,174,152,25.84655172413793
47599A,PINK PARTY BAGS,4481.62,2409,144,102,31.12236111111111
22301,COFFEE MUG CAT + BIRD DESIGN,4478.34,2098,181,123,24.742209944751384
82552,WASHROOM METAL SIGN,4456.57,2918,292,184,15.26222602739726
23010,CIRCUS PARADE BABY GIFT SET,4444.75,285,89,73,49.94101123595506
22837,HOT WATER BOTTLE BABUSHKA ,4437.35,983,133,107,33.36353383458647
21937,STRAWBERRY   PICNIC BAG,4430.5,1590,206,146,21.50728155339806
21539,RED RETROSPOT BUTTER DISH,4414.8,936,211,123,20.923222748815167
22295,HEART FILIGREE DOVE LARGE,4390.47,2719,212,155,20.709764150943396
23285,PINK VINTAGE SPOT BEAKER,4384.83,4679,132,108,33.21840909090909
23176,ABC TREASURE BOOK BOX ,4373.26,2088,186,159,23.512150537634408
84050,PINK HEART SHAPE EGG FRYING PAN,4370.78,3134,200,139,21.8539
21932,SCANDINAVIAN PAISLEY PICNIC BAG,4357.06,2463,319,218,13.658495297805644
22938,CUPCAKE LACE PAPER SET 6,4355.33,2321,170,160,25.619588235294117
23198,PANTRY MAGNETIC  SHOPPING LIST,4341.19,3063,374,259,11.607459893048127
22689,DOORMAT MERRY CHRISTMAS RED ,4340.44,614,112,94,38.75392857142857
16014,SMALL CHINESE STYLE SCISSOR,4335.76,13328,54,34,80.29185185185186
22142,CHRISTMAS CRAFT WHITE FAIRY ,4334.94,3070,321,259,13.50448598130841
21498,RED RETROSPOT WRAP ,4310.24,10522,335,238,12.866388059701492
22606,WOODEN SKITTLES GARDEN SET,4304.849999999999,303,132,110,32.6125
23275,SET OF 3 HANGING OWLS OLLIE BEAK,4291.17,3613,270,171,15.893222222222223
21933,PINK VINTAGE PAISLEY PICNIC BAG,4289.26,2406,283,198,15.156395759717315
21833,CAMOUFLAGE LED TORCH,4278.12,2628,120,87,35.650999999999996
82001S,VINYL RECORD FRAME SILVER,4275.22,1236,86,45,49.71186046511628
23288,GREEN VINTAGE SPOT BEAKER,4261.889999999999,4505,134,107,31.80514925373134
21428,SET3 BOOK BOX GREEN GINGHAM FLOWER ,4259.3,1098,182,117,23.402747252747254
23503,PLAYING CARDS KEEP CALM & CARRY ON,4242.96,3432,327,284,12.975412844036697
15056P,EDWARDIAN PARASOL PINK,4242.26,767,135,87,31.42414814814815
22549,PICTURE DOMINOES,4235.59,2991,244,195,17.358975409836066
20974,12 PENCILS SMALL TUBE SKULL,4230.55,6727,291,195,14.537972508591066
82551,LAUNDRY 15C METAL SIGN,4229.719999999999,2791,253,156,16.718260869565214
20979,36 PENCILS TUBE RED RETROSPOT,4227.26,3518,230,164,18.379391304347827
84997C,BLUE 3 PIECE POLKADOT CUTLERY SET,4213.34,1170,97,80,43.436494845360826
23530,WALL ART ONLY ONE PERSON ,4211.55,1031,73,59,57.69246575342466
22845,VINTAGE CREAM CAT FOOD CONTAINER,4201.74,703,235,155,17.87974468085106
23494,VINTAGE DOILY DELUXE SEWING KIT ,4194.900000000001,722,176,145,23.834659090909096
23167,SMALL CERAMIC TOP STORAGE JAR ,4184.18,5666,177,129,23.639435028248588
22082,RIBBON REEL STRIPES DESIGN ,4154.33,2525,334,250,12.43811377245509
23389,SPACEBOY MINI BACKPACK,4134.5,1030,201,157,20.569651741293534
22626,BLACK KITCHEN SCALES,4134.03,501,183,134,22.59032786885246
22417,PACK OF 60 SPACEBOY CAKE CASES,4128.389999999999,8097,407,270,10.143464373464372
23404,HOME SWEET HOME BLACKBOARD,4108.58,969,136,104,30.21014705882353
22942,CHRISTMAS LIGHTS 10 SANTAS ,4100.25,580,131,111,31.299618320610687
22898,CHILDRENS APRON APPLES DESIGN,4097.45,2189,277,201,14.792238267148013
20975,12 PENCILS SMALL TUBE RED RETROSPOT,4096.65,6393,307,231,13.344136807817588
84987,SET OF 36 TEATIME PAPER DOILIES,4075.7799999999997,2926,240,201,16.982416666666666
23397,FOOT STOOL HOME SWEET HOME ,4069.9,434,176,139,23.12443181818182
23241,TREASURE TIN GYMKHANA DESIGN,4060.0,2005,284,183,14.295774647887324
21876,POTTERING MUG,4049.61,3541,197,141,20.556395939086293
84946,ANTIQUE SILVER TEA GLASS ETCHED,4016.75,3487,143,117,28.08916083916084
22661,CHARLOTTE BAG DOLLY GIRL DESIGN,4011.19,5065,343,172,11.694431486880466
21086,SET/6 RED SPOTTY PAPER CUPS,3999.09,6573,285,167,14.031894736842105
22174,PHOTO CUBE,3997.91,2667,169,104,23.65627218934911
22899,CHILDREN'S APRON DOLLY GIRL ,3984.78,1981,259,190,15.385250965250966
20970,PINK FLORAL FELTCRAFT SHOULDER BAG,3979.88,1080,230,141,17.303826086956523
23163,REGENCY SUGAR TONGS,3949.7000000000003,1714,134,95,29.47537313432836
22721,SET OF 3 CAKE TINS SKETCHBOOK,3942.82,908,246,183,16.027723577235772
23129,HEART SHAPED HOLLY WREATH,3933.1800000000003,942,165,138,23.83745454545455
22748,POPPY'S PLAYHOUSE KITCHEN,3916.91,1887,346,233,11.320549132947976
22781,GUMBALL MAGAZINE RACK,3909.1400000000003,532,160,118,24.432125000000003
22841,ROUND CAKE TIN VINTAGE GREEN,3887.53,515,199,156,19.53532663316583
23144,ZINC T-LIGHT HOLDER STARS SMALL,3879.98,4894,237,180,16.371223628691983
23340,VINTAGE CHRISTMAS CAKE FRILL,3879.4500000000003,2453,122,112,31.798770491803282
23486,ANTIQUE HEART SHELF UNIT,3879.15,267,68,64,57.046323529411765
23557,LANDMARK FRAME BAKER STREET ,3867.85,347,29,25,133.37413793103448
22813,PACK 3 BOXES BIRD PANNETONE ,3862.9999999999995,2088,140,110,27.592857142857138
21704,BAG 250g SWIRLY MARBLES,3856.38,5004,197,137,19.575532994923858
72351B,SET/6 PINK  BUTTERFLY T-LIGHTS,3856.0400000000004,2058,156,87,24.71820512820513
22061,LARGE CAKE STAND  HANGING STRAWBERY,3854.68,564,129,86,29.88124031007752
23255,CHILDRENS CUTLERY CIRCUS PARADE,3852.44,962,143,116,26.940139860139862
22772,PINK DRAWER KNOB ACRYLIC EDWARDIAN,3831.72,3269,170,84,22.539529411764704
22956,36 FOIL HEART CAKE CASES,3814.3700000000003,1998,170,144,22.437470588235296
22550,HOLIDAY FUN LUDO,3810.71,1102,176,136,21.651761363636364
22117,METAL SIGN HER DINNER IS SERVED ,3802.5,1290,72,58,52.8125
23205,CHARLOTTE BAG VINTAGE ALPHABET ,3784.52,4750,323,192,11.716780185758514
23283,DOORMAT VINTAGE LEAF,3766.57,541,121,100,31.128677685950414
23012,GLASS APOTHECARY BOTTLE PERFUME,3763.6400000000003,1014,198,151,19.00828282828283
23050,RECYCLED ACAPULCO MAT GREEN,3763.55,459,176,116,21.38380681818182
23306,SET OF 36 DOILIES PANTRY DESIGN,3761.9199999999996,2653,195,172,19.291897435897432
22489,PACK OF 12 TRADITIONAL CRAYONS,3754.4700000000003,9313,318,232,11.806509433962265
23193,BUFFALO BILL TREASURE BOOK BOX,3750.57,1847,137,109,27.376423357664233
21154,RED RETROSPOT OVEN GLOVE ,3750.38,3186,262,175,14.31442748091603
23184,BULL DOG BOTTLE OPENER,3749.5,778,197,129,19.032994923857867
23534,WALL ART STOP FOR TEA ,3748.1800000000003,688,153,131,24.497908496732027
22493,PAINT YOUR OWN CANVAS SET,3737.28,2352,176,125,21.234545454545454
22951,60 CAKE CASES DOLLY GIRL DESIGN,3735.61,7211,354,237,10.552570621468927
21257,VICTORIAN SEWING BOX MEDIUM,3727.44,488,152,100,24.52263157894737
21874,GIN AND TONIC MUG,3715.6099999999997,2845,194,110,19.15262886597938
22274,FELTCRAFT DOLL EMILY,3711.5000000000005,1294,231,168,16.067099567099568
23309,SET OF 60 I LOVE LONDON CAKE CASES ,3697.7,7670,294,178,12.577210884353741
23351,ROLL WRAP 50'S CHRISTMAS,3694.02,3054,271,242,13.631070110701106
22723,SET OF 6 HERB TINS SKETCHBOOK,3686.1400000000003,1054,235,170,15.685702127659576
22656,VINTAGE BLUE KITCHEN CABINET,3685.0,26,20,17,184.25
22431,WATERING CAN BLUE ELEPHANT,3682.7499999999995,1979,275,159,13.39181818181818
23110,PARISIENNE KEY CABINET ,3673.7,662,219,157,16.77488584474886
22745,POPPY'S PLAYHOUSE BEDROOM ,3673.15,1780,316,216,11.623892405063291
72760B,VINTAGE CREAM 3 BASKET CAKE STAND,3667.23,385,135,104,27.164666666666665
21098,CHRISTMAS TOILET ROLL,3665.05,3164,163,115,22.484969325153376
22980,PANTRY SCRUBBING BRUSH,3656.94,2286,242,198,15.111322314049588
21892,TRADITIONAL WOODEN CATCH CUP GAME ,3651.75,2910,295,235,12.378813559322033
21749,LARGE RED RETROSPOT WINDMILL,3645.0000000000005,1900,107,80,34.06542056074767
20677,PINK POLKADOT BOWL,3640.08,3157,220,133,16.54581818181818
22649,STRAWBERRY FAIRY CAKE TEAPOT,3638.9,748,160,86,22.743125
20682,RED RETROSPOT CHILDRENS UMBRELLA,3629.66,1140,182,138,19.943186813186813
22236,CAKE STAND 3 TIER MAGIC GARDEN,3624.5999999999995,308,88,67,41.188636363636355
23064,CINDERELLA CHANDELIER ,3617.6000000000004,220,22,20,164.43636363636367
22842,BISCUIT TIN VINTAGE RED,3609.8,572,146,120,24.724657534246578
22628,PICNIC BOXES SET OF 3 RETROSPOT ,3607.3,774,118,85,30.57033898305085
85049A,TRADITIONAL CHRISTMAS RIBBONS,3602.8,2903,266,204,13.54436090225564
22053,EMPIRE DESIGN ROSETTE,3596.42,4236,26,23,138.32384615384615
22350,ILLUSTRATED CAT BOWL ,3586.3199999999997,1356,88,63,40.75363636363636
23049,RECYCLED ACAPULCO MAT RED,3572.75,435,169,103,21.140532544378697
23092,LARGE ANTIQUE WHITE PHOTO FRAME,3568.26,507,125,96,28.546080000000003
22854,CREAM SWEETHEART EGG HOLDER,3547.3,750,147,123,24.131292517006806
23299,FOOD COVER WITH BEADS SET 2 ,3545.17,977,121,109,29.298925619834712
22596,CHRISTMAS STAR WISH LIST CHALKBOARD,3535.2,3264,234,196,15.107692307692307
21260,FIRST AID TIN,3530.35,1129,148,104,23.853716216216217
21746,SMALL RED RETROSPOT WINDMILL,3521.7,2974,185,122,19.036216216216214
21527,RED RETROSPOT TRADITIONAL TEAPOT ,3508.8,464,133,95,26.381954887218047
23236,STORAGE TIN VINTAGE DOILY ,3502.15,1235,158,124,22.165506329113924
23089,GLASS BON BON JAR,3495.27,2135,134,101,26.08410447761194
85049E,SCANDINAVIAN REDS RIBBONS,3492.2,2741,335,248,10.424477611940297
22809,SET OF 6 T-LIGHTS SANTA,3476.36,1184,173,141,20.09456647398844
71477,COLOURED GLASS STAR T-LIGHT HOLDER,3474.88,996,42,31,82.7352380952381
23081,GREEN METAL BOX ARMY SUPPLIES,3474.39,437,111,78,31.30081081081081
84792,ENCHANTED BIRD COATHANGER 5 HOOK,3470.54,774,190,125,18.266
22371,AIRLINE BAG VINTAGE TOKYO 78,3468.63,825,247,144,14.043036437246965
23111,PARISIENNE SEWING BOX,3464.8,296,124,80,27.94193548387097
23349,ROLL WRAP VINTAGE CHRISTMAS,3450.39,2847,246,214,14.025975609756097
21531,RED RETROSPOT SUGAR JAM BOWL,3448.9500000000003,1469,206,143,16.74247572815534
84508A,CAMOUFLAGE DESIGN TEDDY,3445.5000000000005,1630,35,17,98.44285714285715
22890,NOVELTY BISCUITS CAKE STAND 3 TIER,3445.4199999999996,360,143,94,24.09384615384615
21588,RETROSPOT GIANT TUBE MATCHES,3442.5,1494,132,99,26.079545454545453
22688,DOORMAT PEACE ON EARTH BLUE,3442.04,700,27,26,127.48296296296296
23085,ANTIQUE SILVER BAUBLE LAMP  ,3437.7000000000003,369,72,64,47.74583333333334
23112,PARISIENNE CURIO CABINET,3437.3,471,183,134,18.783060109289618
23130,MISTLETOE HEART WREATH GREEN,3435.62,838,162,135,21.20753086419753
21703,BAG 125g SWIRLY MARBLES,3431.35,9272,243,175,14.120781893004114
23497,CLASSIC CHROME BICYCLE BELL ,3431.35,2451,170,149,20.18441176470588
21928,JUMBO BAG SCANDINAVIAN PAISLEY,3426.75,1945,91,76,37.65659340659341
22665,RECIPE BOX BLUE SKETCHBOOK DESIGN,3422.0600000000004,1218,231,163,14.814112554112556
23194,GYMKHANA TREASURE BOOK BOX,3417.83,1630,156,128,21.909166666666668
22577,WOODEN HEART CHRISTMAS SCANDINAVIAN,3415.8999999999996,9782,463,343,7.377753779697623
23535,WALL ART BICYCLE SAFETY,3412.52,644,120,102,28.437666666666665
21497,FANCY FONTS BIRTHDAY WRAP,3409.0,8550,230,177,14.821739130434782
21745,GAOLERS KEYS DECORATIVE GARDEN ,3400.94,926,205,115,16.589951219512194
22782,SET 3 WICKER STORAGE BASKETS ,3399.95,241,74,65,45.94527027027027
22089,PAPER BUNTING VINTAGE PAISLEY,3395.55,1189,180,142,18.86416666666667
21463,MIRRORED DISCO BALL ,3393.4,642,129,77,26.305426356589148
23191,BUNDLE OF 3 RETRO NOTE BOOKS,3393.35,2099,240,178,14.138958333333333
21244,BLUE POLKADOT PLATE ,3359.47,2131,147,107,22.853537414965984
22131,FOOD CONTAINER SET 3 LOVE HEART ,3358.72,1884,180,115,18.659555555555553
22148,EASTER CRAFT 4 CHICKS ,3355.35,1813,159,148,21.102830188679246
22466,FAIRY TALE COTTAGE NIGHTLIGHT,3352.7999999999997,2016,69,51,48.59130434782608
23032,DRAWER KNOB CRACKLE GLAZE IVORY,3348.6,2076,177,115,18.91864406779661
23294,SET OF 6 SNACK LOAF BAKING CASES,3336.94,4264,291,214,11.467147766323023
23552,BICYCLE PUNCTURE REPAIR KIT ,3336.7200000000003,1730,103,93,32.395339805825245
22896,PEG BAG APPLES DESIGN,3336.37,1390,220,144,15.165318181818181
22383,LUNCH BAG SUKI  DESIGN ,3334.7,2118,144,122,23.157638888888886
22694,WICKER STAR ,3328.8,1608,303,228,10.986138613861387
22908,PACK OF 20 NAPKINS RED APPLES,3326.39,4229,313,212,10.62744408945687
23189,SET OF 12 FORK CANDLES,3319.35,1215,113,89,29.374778761061947
23210,WHITE ROCKING HORSE HAND PAINTED,3311.5,2750,154,115,21.503246753246753
23571,TRADITIONAL NAUGHTS & CROSSES,3300.9,2018,216,195,15.281944444444445
23156,SET OF 5 MINI GROCERY MAGNETS,3297.2200000000003,1631,184,117,17.91967391304348
22926,IVORY GIANT GARDEN THERMOMETER,3295.7000000000003,566,182,140,18.10824175824176
23091,ZINC HERB GARDEN CONTAINER,3279.82,535,187,155,17.539144385026738
23009,I LOVE LONDON BABY GIFT SET,3262.5499999999997,209,61,48,53.484426229508195
23332,IVORY WICKER HEART LARGE,3255.75,1979,267,207,12.1938202247191
47567B,TEA TIME KITCHEN APRON,3248.07,585,120,81,27.06725
21890,S/6 WOODEN SKITTLES IN COTTON BAG,3247.16,1070,173,143,18.76971098265896
22435,SET OF 9 HEART SHAPED BALLOONS,3245.79,2671,213,153,15.238450704225352
22563,HAPPY STENCIL CRAFT,3244.6,2777,252,171,12.875396825396825
22967,SET 3 SONG BIRD PAPER EGGS ASSORTED,3224.65,1159,131,122,24.615648854961833
22348,TEA BAG PLATE RED RETROSPOT,3221.79,3861,254,144,12.684212598425196
21906,PHARMACIE FIRST AID TIN,3220.81,483,94,71,34.263936170212766
22801,ANTIQUE GLASS PEDESTAL BOWL,3212.1,887,159,123,20.20188679245283
23013,GLASS APOTHECARY BOTTLE TONIC,3211.09,865,180,135,17.83938888888889
23230,WRAP ALPHABET DESIGN,3196.5,7925,232,178,13.77801724137931
22738,RIBBON REEL SNOWY VILLAGE,3193.03,1991,176,147,18.14221590909091
23426,METAL SIGN DROP YOUR PANTS,3186.7799999999997,1230,171,126,18.63614035087719
20675,BLUE POLKADOT BOWL,3178.65,2728,223,149,14.254035874439463
23127,FELTCRAFT GIRL NICOLE KIT,3169.79,645,170,137,18.645823529411764
22578,WOODEN STAR CHRISTMAS SCANDINAVIAN,3164.0799999999995,9628,433,332,7.307344110854502
23350,ROLL WRAP VINTAGE SPOT ,3154.4,2584,246,205,12.822764227642276
23239,SET OF 4 KNICK KNACK TINS POPPIES,3142.4,812,155,125,20.273548387096774
23388,WOODLAND MINI BACKPACK,3133.6000000000004,784,133,114,23.5609022556391
22491,PACK OF 12 COLOURED PENCILS,3120.64,3898,200,162,15.6032
22029,SPACEBOY BIRTHDAY CARD,3120.14,7834,394,234,7.919137055837563
22432,WATERING CAN PINK BUNNY,3092.7799999999997,1644,234,158,13.217008547008547
23308,SET OF 60 VINTAGE LEAF CAKE CASES ,3091.61,5955,305,209,10.136426229508197
22760,"TRAY, BREAKFAST IN BED",3089.85,259,66,50,46.81590909090909
85053,FRENCH ENAMEL CANDLEHOLDER,3087.52,1541,233,157,13.251158798283262
23353,6 GIFT TAGS VINTAGE CHRISTMAS ,3068.82,3726,253,227,12.129723320158103
23168,CLASSIC CAFE SUGAR DISPENSER,3037.1,2633,208,132,14.601442307692308
23342,MINT DINER WALL CLOCK,3034.5,363,154,104,19.704545454545453
22468,BABUSHKA LIGHTS STRING OF 10,3032.39,467,116,82,26.141293103448273
84997A,GREEN 3 PIECE POLKADOT CUTLERY SET,3019.23,837,68,55,44.400441176470586
23253,16 PIECE CUTLERY SET PANTRY DESIGN,3018.2999999999997,210,46,43,65.61521739130434
22567,20 DOLLY PEGS RETROSPOT,3017.5,2346,182,135,16.57967032967033
22775,PURPLE DRAWERKNOB ACRYLIC EDWARDIAN,3017.37,2492,145,79,20.809448275862067
82580,BATHROOM METAL SIGN,3016.9500000000003,5503,383,210,7.87715404699739
22504,CABIN BAG VINTAGE RETROSPOT,3012.4,160,39,31,77.24102564102564
22300,COFFEE MUG DOG + BALL DESIGN,3011.64,1436,143,100,21.06041958041958
21243,PINK  POLKADOT PLATE ,3010.71,1911,130,95,23.159307692307692
22892,SET OF SALT AND PEPPER TOADSTOOLS,3000.35,2455,196,117,15.307908163265306
22564,ALPHABET STENCIL CRAFT,2999.19,2668,165,120,18.176909090909092
22687,DOORMAT CHRISTMAS VILLAGE,2991.7,568,35,30,85.47714285714285
22855,FINE WICKER HEART ,2982.02,2506,179,152,16.65932960893855
16161P,WRAP ENGLISH ROSE ,2980.42,7201,248,189,12.017822580645161
23065,LARGE DECO JEWELLERY STAND,2977.8,246,88,77,33.83863636363637
21135,VICTORIAN  METAL POSTCARD SPRING,2973.55,2707,162,122,18.35524691358025
23237,SET OF 4 KNICK KNACK TINS LEAF,2970.85,739,116,94,25.610775862068966
23346,SPACEBOY BEAKER,2970.75,2567,138,106,21.527173913043477
22669,RED BABY BUNTING ,2969.65,1027,167,143,17.78233532934132
23323,WHITE WICKER STAR ,2954.7000000000003,1422,270,210,10.943333333333335
21385,IVORY HANGING DECORATION  HEART,2952.54,3558,205,153,14.402634146341462
23014,GLASS APOTHECARY BOTTLE ELIXIR,2951.78,798,160,122,18.448625
22962,JAM JAR WITH PINK LID,2947.47,3675,246,180,11.981585365853658
21974,SET OF 36 PAISLEY FLOWER DOILIES,2942.5099999999998,2036,229,177,12.849388646288208
23236,DOILEY STORAGE TIN,2934.98,1082,112,93,26.205178571428572
21868,POTTING SHED TEA MUG,2924.48,2344,232,153,12.60551724137931
22180,RETROSPOT LAMP,2922.85,299,131,92,22.311832061068703
21429,RED GINGHAM ROSE JEWELLERY BOX,2917.2,1612,217,147,13.44331797235023
22244,3 HOOK HANGER MAGIC GARDEN,2911.6499999999996,1615,94,66,30.974999999999998
22311,OFFICE MUG WARMER BLACK+SILVER ,2910.75,1049,93,61,31.298387096774192
23461,SWEETHEART BIRD HOUSE,2908.55,829,83,75,35.04277108433735
22212,FOUR HOOK  WHITE LOVEBIRDS,2904.87,1416,253,145,11.481699604743083
23188,VINTAGE  2 METER FOLDING RULER,2902.4700000000003,1775,155,131,18.72561290322581
23242,TREASURE TIN BUFFALO BILL ,2886.0800000000004,1430,187,132,15.433582887700537
22065,CHRISTMAS PUDDING TRINKET POT ,2883.44,6418,164,132,17.581951219512195
21716,BOYS VINTAGE TIN SEASIDE BUCKET,2880.92,1190,137,112,21.028613138686133
21561,DINOSAUR LUNCH BOX WITH CUTLERY,2868.78,1227,167,116,17.178323353293415
22812,PACK 3 BOXES CHRISTMAS PANNETONE,2867.1499999999996,1531,110,92,26.064999999999998
23035,DRAWER KNOB CERAMIC IVORY,2863.39,2035,165,110,17.353878787878788
21658,GLASS  BEURRE DISH,2862.2200000000003,770,126,82,22.71603174603175
23393,HOME SWEET HOME CUSHION COVER ,2861.25,763,201,165,14.235074626865671
22460,EMBOSSED GLASS TEALIGHT HOLDER,2855.59,2368,162,118,17.6270987654321
23390,DOLLY GIRL MINI BACKPACK,2838.9500000000003,713,144,116,19.714930555555558
22195,LARGE HEART MEASURING SPOONS,2836.92,1696,220,148,12.895090909090909
23283,DOORMAT VINTAGE LEAVES DESIGN ,2833.7000000000003,426,88,75,32.201136363636365
37370,RETRO COFFEE MUGS ASSORTED,2829.28,2504,113,72,25.03787610619469
22465,HANGING METAL STAR LANTERN,2828.08,1958,159,119,17.786666666666665
21935,SUKI  SHOULDER BAG,2824.37,1763,204,121,13.844950980392156
21238,RED RETROSPOT CUP,2822.41,3519,277,160,10.189205776173285
22894,TABLECLOTH RED APPLES DESIGN ,2821.95,291,109,82,25.889449541284403
85132C,CHARLIE AND LOLA FIGURES TINS,2817.7999999999997,1404,126,96,22.36349206349206
22219,LOVEBIRD HANGING DECORATION WHITE ,2814.37,3367,311,190,9.049421221864952
21918,SET 12 KIDS COLOUR  CHALK STICKS,2814.28,7012,282,193,9.979716312056738
22800,ANTIQUE TALL SWIRLGLASS TRINKET POT,2813.38,764,138,109,20.3868115942029
22079,RIBBON REEL HEARTS DESIGN ,2808.89,1701,225,190,12.483955555555555
84692,BOX OF 24 COCKTAIL PARASOLS,2808.57,6803,364,209,7.715851648351649
23182,TOILET SIGN OCCUPIED OR VACANT,2807.69,3378,254,140,11.053897637795275
21499,BLUE POLKADOT WRAP,2798.0,6900,215,175,13.013953488372094
23329,DECORATIVE WICKER HEART LARGE,2794.65,1701,215,168,12.998372093023256
23056,FLOWERS CHANDELIER T-LIGHT HOLDER,2770.91,863,36,32,76.96972222222222
22810,SET OF 6 T-LIGHTS SNOWMEN,2768.48,900,137,106,20.207883211678833
23290,SPACEBOY CHILDRENS BOWL,2757.15,2367,174,125,15.845689655172414
23345, DOLLY GIRL BEAKER,2754.5,2394,133,100,20.710526315789473
22331,WOODLAND PARTY BAG + STICKER SET,2750.96,1768,143,101,19.23748251748252
23354,6 GIFT TAGS 50'S CHRISTMAS ,2750.9300000000003,3343,261,235,10.539961685823755
22972,CHILDREN'S SPACEBOY MUG,2746.16,1688,178,137,15.427865168539325
22823,CHEST NATURAL WOOD 20 DRAWERS,2745.0,24,13,13,211.15384615384616
23051,RECYCLED ACAPULCO MAT BLUE,2741.35,335,133,95,20.611654135338345
79000,MOROCCAN TEA GLASS,2741.2,3784,95,69,28.85473684210526
21715,GIRLS VINTAGE TIN SEASIDE BUCKET,2736.75,1141,138,116,19.831521739130434
47599B,BLUE PARTY BAGS ,2728.94,1451,108,69,25.267962962962965
72807C,SET/3 VANILLA SCENTED CANDLE IN BOX,2727.97,669,112,83,24.356875
22778,GLASS CLOCHE SMALL,2727.95,753,106,79,25.735377358490563
21381,MINI WOODEN HAPPY BIRTHDAY GARLAND,2726.31,1695,138,88,19.75586956521739
22746,POPPY'S PLAYHOUSE LIVINGROOM ,2724.62,1315,252,179,10.811984126984127
23190,BUNDLE OF 3 SCHOOL EXERCISE BOOKS  ,2691.14,1678,179,145,15.034301675977654
22843,BISCUIT TIN VINTAGE GREEN,2685.13,433,114,92,23.553771929824563
22739,RIBBON REEL CHRISTMAS SOCK BAUBLE,2676.39,1571,204,168,13.119558823529411
21201,TROPICAL  HONEYCOMB PAPER GARLAND ,2672.25,1175,72,44,37.114583333333336
22990,COTTON APRON PANTRY DESIGN,2670.54,602,140,117,19.075285714285712
23147,SINGLE ANTIQUE ROSE HOOK IVORY,2669.95,1843,250,170,10.679799999999998
20754,RETROSPOT RED WASHING UP GLOVES,2668.38,1355,239,153,11.164769874476988
22702,BLACK AND WHITE CAT BOWL,2661.8999999999996,1357,43,35,61.90465116279069
22045,SPACEBOY GIFT WRAP,2652.34,6477,206,148,12.875436893203885
22604,SET OF 4 NAPKIN CHARMS CUTLERY,2642.86,1171,108,77,24.470925925925926
85178,VICTORIAN SEWING KIT,2640.94,2370,98,77,26.948367346938777
23427,STOOL HOME SWEET HOME ,2635.9,227,106,87,24.866981132075473
23211,RED ROCKING HORSE HAND PAINTED,2631.5,2206,116,82,22.685344827586206
22430,ENAMEL WATERING CAN CREAM,2621.85,539,161,131,16.28478260869565
22830,UTILTY CABINET WITH HOOKS,2610.29,131,6,5,435.04833333333335
22222,CAKE PLATE LOVEBIRD WHITE,2599.2,824,149,104,17.444295302013423
22179,SET 10 LIGHTS NIGHT OWL,2593.65,407,77,53,33.683766233766235
21500,PINK POLKADOT WRAP ,2593.0,6350,213,162,12.173708920187794
21563,RED HEART SHAPE LOVE BUCKET ,2591.02,1358,134,95,19.335970149253733
23053,RECYCLED ACAPULCO MAT PINK,2589.9,318,129,105,20.07674418604651
22078,RIBBON REEL LACE DESIGN ,2584.8,1288,143,105,18.075524475524478
22777,GLASS CLOCHE LARGE,2581.45,329,41,36,62.96219512195122
23164,REGENCY CAKE SLICE,2579.21,564,80,70,32.240125
22700,BLACK AND WHITE DOG BOWL,2578.78,1192,48,41,53.724583333333335
22906,12 MESSAGE CARDS WITH ENVELOPES,2578.65,1621,187,150,13.78957219251337
23534,STOP FOR TEA WALL ART,2572.7,518,41,40,62.74878048780487
21115,ROSE CARAVAN DOORSTOP,2567.61,519,129,104,19.903953488372093
23212,HEART WREATH DECORATION WITH BELL,2562.63,2163,144,103,17.796041666666667
22187,GREEN CHRISTMAS TREE CARD HOLDER,2562.27,1183,145,123,17.670827586206897
23100,SILVER BELLS TABLE DECORATION,2562.1,2090,213,180,12.028638497652581
23395,BELLE JARDINIERE CUSHION COVER,2555.73,683,175,141,14.604171428571428
21735,TWO DOOR CURIO CABINET,2551.95,210,82,60,31.12134146341463
20973,12 PENCIL SMALL TUBE WOODLAND,2545.3,3998,276,191,9.222101449275362
21985,PACK OF 12 HEARTS DESIGN TISSUES ,2542.17,8541,354,262,7.181271186440678
72802C,VANILLA SCENT CANDLE JEWELLED BOX,2541.12,1374,88,63,28.876363636363635
23266,SET OF 3 WOODEN STOCKING DECORATION,2529.64,1964,274,201,9.232262773722628
20829,GLITTER HANGING BUTTERFLY STRING,2528.39,1264,163,90,15.511595092024539
23146,TRIPLE HOOK ANTIQUE IVORY ROSE,2526.02,778,211,151,11.971658767772512
82600,N0 SINGING METAL SIGN,2523.78,1197,35,30,72.108
22072,RED RETROSPOT TEA CUP AND SAUCER ,2519.19,807,139,90,18.123669064748203
22930,BAKING MOULD HEART MILK CHOCOLATE,2513.12,1040,145,120,17.331862068965517
22925,BLUE GIANT GARDEN THERMOMETER,2511.7200000000003,426,162,125,15.504444444444445
22179,SET 10 NIGHT OWL LIGHTS,2510.34,388,101,59,24.854851485148515
22833,HALL CABINET WITH 3 DRAWERS,2503.5299999999997,75,4,4,625.8824999999999
22354,RETROSPOT PADDED SEAT CUSHION,2502.82,700,65,43,38.50492307692308
23333,IVORY WICKER HEART MEDIUM,2498.65,2009,216,179,11.567824074074075
22582,PACK OF 6 SWEETIE GIFT BOXES,2496.76,1029,77,73,32.42545454545455
21976,PACK OF 60 MUSHROOM CAKE CASES,2496.08,4936,276,181,9.04376811594203
20828,GLITTER BUTTERFLY CLIPS,2489.1,1010,177,116,14.06271186440678
22433,WATERING CAN GREEN DINOSAUR,2487.5299999999997,1341,189,121,13.16153439153439
21240,BLUE POLKADOT CUP,2484.53,3153,215,149,11.555953488372094
22797,CHEST OF DRAWERS GINGHAM HEART ,2459.04,146,79,63,31.127088607594935
20717,STRAWBERRY SHOPPER BAG,2453.38,2034,231,150,10.62069264069264
22974,CHILDRENS DOLLY GIRL MUG,2443.14,1514,157,126,15.56140127388535
22360,GLASS JAR ENGLISH CONFECTIONERY,2438.2000000000003,880,143,102,17.050349650349652
22963,JAM JAR WITH GREEN LID,2433.88,3046,209,165,11.645358851674642
23681,LUNCH BAG RED VINTAGE DOILY,2432.55,1547,118,105,20.61483050847458
23407,SET OF 2 TRAYS HOME SWEET HOME,2426.72,248,118,103,20.565423728813556
22965,3 TRADITIONAl BISCUIT CUTTERS  SET,2418.02,1154,202,168,11.97039603960396
47559B,TEA TIME OVEN GLOVE,2412.92,2001,241,152,10.012116182572614
21810,CHRISTMAS HANGING STAR WITH BELL,2402.12,5200,173,129,13.885086705202312
23542,WALL ART 70'S ALPHABET ,2399.58,334,55,44,43.62872727272727
22822,CREAM WALL PLANTER HEART SHAPED,2396.71,416,144,121,16.643819444444446
23264,SET OF 3 WOODEN SLEIGH DECORATIONS,2396.7,1842,249,177,9.625301204819277
22945,CHRISTMAS METAL TAGS ASSORTED ,2395.93,2857,136,118,17.617132352941177
72351A,SET/6 TURQUOISE BUTTERFLY T-LIGHTS,2384.76,1234,133,78,17.930526315789475
22175,PINK OWL SOFT TOY,2379.05,839,139,84,17.11546762589928
22794,SWEETHEART WIRE MAGAZINE RACK,2373.0,300,157,114,15.114649681528663
23535,BICYCLE SAFTEY WALL ART,2371.94,458,39,38,60.81897435897436
21411,GINGHAM HEART  DOORSTOP RED,2371.2599999999998,714,185,147,12.81762162162162
22937,BAKING MOULD CHOCOLATE CUPCAKES,2358.89,915,133,119,17.736015037593983
21903,MAN FLU METAL SIGN,2356.38,1127,153,113,15.401176470588236
21495,SKULLS AND CROSSBONES WRAP,2356.0,5800,165,102,14.27878787878788
23292,SPACEBOY CHILDRENS CUP,2343.07,1951,159,112,14.7362893081761
21116,OWL DOORSTOP,2339.19,489,117,81,19.993076923076924
23131,MISTLETOE HEART WREATH CREAM,2332.13,575,103,86,22.642038834951457
16156S,WRAP PINK FAIRY CAKES ,2331.0,5800,167,135,13.95808383233533
22327,ROUND SNACK BOXES SET OF 4 SKULLS,2325.9500000000003,821,162,106,14.357716049382718
21730,GLASS STAR FROSTED T-LIGHT HOLDER,2319.19,497,119,79,19.488991596638655
23341,PINK DINER WALL CLOCK,2317.1,281,98,75,23.643877551020406
22644,CERAMIC CHERRY CAKE MONEY BANK,2315.73,2043,188,146,12.317712765957447
22610,PENS ASSORTED FUNNY FACE,2313.7400000000002,9110,171,123,13.530643274853803
23570,TRADITIONAL PICK UP STICKS GAME ,2295.0,1836,231,203,9.935064935064934
22774,RED DRAWER KNOB ACRYLIC EDWARDIAN,2292.27,1983,97,56,23.631649484536084
22902,TOTE BAG I LOVE LONDON,2289.78,1204,94,71,24.35936170212766
21110,LARGE CAKE TOWEL PINK SPOTS,2288.2999999999997,774,78,62,29.337179487179483
22927,GREEN GIANT GARDEN THERMOMETER,2278.25,395,129,94,17.660852713178294
23437, 50'S CHRISTMAS GIFT BAG LARGE,2272.25,1885,109,106,20.84633027522936
22933,BAKING MOULD EASTER EGG MILK CHOC,2272.2000000000003,876,91,82,24.969230769230773
23412,HEART MIRROR ANTIQUE WHITE,2269.14,351,71,64,31.959718309859152
22380,TOY TIDY SPACEBOY  ,2266.35,1152,195,114,11.622307692307691
23526,WALL ART DOG LICENCE ,2265.18,474,62,57,36.53516129032258
22437,SET OF 9 BLACK SKULL BALLOONS,2261.65,2725,173,140,13.073121387283237
22691,DOORMAT WELCOME SUNRISE,2260.69,343,95,65,23.796736842105265
22215,CAKE STAND WHITE TWO TIER LACE,2254.5,330,89,71,25.331460674157302
35004B,SET OF 3 BLACK FLYING DUCKS,2251.15,475,47,30,47.8968085106383
21875,KINGS CHOICE MUG,2249.56,2000,111,83,20.266306306306305
46000S,POLYESTER FILLER PAD 40x40cm,2248.95,1551,182,128,12.356868131868131
23048,SET OF 10 LANTERNS FAIRY LIGHT STAR,2248.14,560,85,81,26.44870588235294
23400,SHELF WITH 4 HOOKS HOME SWEET HOME,2247.36,448,95,76,23.65642105263158
23489,VINTAGE BELLS GARLAND,2246.56,784,127,116,17.689448818897638
22440,BALLOON WATER BOMB PACK OF 35,2244.06,5873,138,100,16.261304347826087
22645,CERAMIC HEART FAIRY CAKE MONEY BANK,2243.94,1748,233,161,9.630643776824035
23196,VINTAGE LEAF MAGNETIC NOTEPAD,2242.65,1593,211,159,10.628672985781991
20983,12 PENCILS TALL TUBE RED RETROSPOT,2240.31,2643,234,185,9.57397435897436
22426,ENAMEL WASH BOWL CREAM,2228.05,659,144,104,15.472569444444446
22672,FRENCH BATHROOM SIGN BLUE METAL,2227.62,1382,158,125,14.09886075949367
22773,GREEN DRAWER KNOB ACRYLIC EDWARDIAN,2227.52,1840,145,82,15.362206896551724
85062,PEARL CRYSTAL PUMPKIN T-LIGHT HLDR,2214.87,1368,132,97,16.77931818181818
23316,RED REFECTORY CLOCK ,2212.25,235,95,75,23.28684210526316
21107,CREAM SLICE FLANNEL PINK SPOT ,2209.95,837,62,48,35.644354838709674
23498,CLASSIC BICYCLE CLIPS ,2200.15,1587,86,77,25.58313953488372
23188,VINTAGE  2 METRE FOLDING RULER,2197.69,1321,127,102,17.30464566929134
84509A,SET OF 4 ENGLISH ROSE PLACEMATS,2194.64,612,139,103,15.788776978417266
22670,FRENCH WC SIGN BLUE METAL,2192.74,1753,208,141,10.54201923076923
23054,RECYCLED ACAPULCO MAT LAVENDER,2189.7,266,109,81,20.08899082568807
22329,ROUND CONTAINER SET OF 5 RETROSPOT,2181.3,1386,151,103,14.445695364238412
23330,DECORATIVE WICKER HEART MEDIUM,2181.19,1751,195,158,11.185589743589745
23079,TOADSTOOL BEDSIDE LIGHT ,2180.7,246,103,82,21.17184466019417
84832,ZINC WILLIE WINKIE  CANDLE STICK,2176.1,2606,188,137,11.575
22776,SWEETHEART 3 TIER CAKE STAND ,2174.1,222,122,99,17.82049180327869
22660,DOORMAT I LOVE LONDON,2157.33,327,69,56,31.265652173913043
22704,WRAP RED APPLES ,2157.0,5250,173,129,12.468208092485549
23401,RUSTIC MIRROR WITH LACE HEART,2155.51,443,70,59,30.793000000000003
23265,SET OF 3 WOODEN TREE DECORATIONS,2153.71,1665,246,180,8.754918699186993
21896,POTTING SHED TWINE,2152.2000000000003,946,89,79,24.182022471910116
23406,HOME SWEET HOME KEY HOLDER,2148.54,434,94,65,22.8568085106383
22241,GARLAND WOODEN HAPPY EASTER,2147.7799999999997,1762,165,125,13.016848484848483
22476,EMPIRE UNION JACK TV DINNER TRAY,2145.8199999999997,810,78,61,27.510512820512815
22851,SET 20 NAPKINS FAIRY CAKES DESIGN ,2141.43,2601,286,198,7.4875174825174815
21452,TOADSTOOL MONEY BOX,2140.15,745,133,109,16.091353383458646
21592,RETROSPOT CIGAR BOX MATCHES ,2135.32,2138,210,156,10.168190476190476
22064,PINK DOUGHNUT TRINKET POT ,2132.7,1602,164,85,13.004268292682926
23445,ICE CREAM BUBBLES,2131.0099999999998,2647,94,81,22.67031914893617
35961,FOLKART ZINC HEART CHRISTMAS DEC,2127.39,2679,153,116,13.904509803921568
23252,VINTAGE RED ENAMEL TRIM JUG ,2123.34,578,123,104,17.262926829268295
23093,SMALL PARISIENNE HEART PHOTO FRAME ,2122.67,915,123,105,17.25747967479675
22030,SWALLOWS GREETING CARD,2120.55,5337,242,179,8.762603305785126
21625,VINTAGE UNION JACK APRON,2112.39,303,113,97,18.69371681415929
23232,WRAP VINTAGE LEAF DESIGN,2109.42,5251,134,118,15.741940298507464
23233,WRAP POPPIES  DESIGN,2105.5,5175,158,130,13.325949367088608
23501,KEY RING BASEBALL BOOT UNION JACK,2103.3,1770,85,77,24.744705882352942
21313,GLASS HEART T-LIGHT HOLDER ,2097.71,2828,129,96,16.261317829457365
22548,HEADS AND TAILS SPORTING FUN,2095.46,1871,179,149,11.706480446927374
23046,PAPER LANTERN 9 POINT DELUXE STAR,2091.55,347,34,31,61.51617647058824
84568,GIRLS ALPHABET IRON ON PATCHES ,2088.0,11040,23,18,90.78260869565217
22425,ENAMEL COLANDER CREAM,2086.11,434,141,110,14.795106382978725
21109,LARGE CAKE TOWEL CHOCOLATE SPOTS,2082.15,829,64,51,32.53359375
22378,WALL TIDY RETROSPOT ,2082.06,1680,103,69,20.21417475728155
23526,DOG LICENCE WALL ART,2081.64,408,29,28,71.78068965517241
21934,SKULL SHOULDER BAG,2081.2,1288,143,85,14.553846153846152
22737,RIBBON REEL CHRISTMAS PRESENT ,2073.74,1226,187,148,11.089518716577539
23504,PLAYING CARDS JUBILEE UNION JACK,2073.73,1661,190,164,10.914368421052632
23536,VILLAGE SHOW WALL ART,2072.42,386,18,17,115.13444444444445
22762,CUPBOARD 3 DRAWER MA CAMPAGNE,2070.95,145,87,74,23.804022988505746
21609,SET 12 LAVENDER  BOTANICAL T-LIGHTS,2069.2000000000003,760,73,59,28.34520547945206
22983,CARD BILLBOARD FONT,2067.75,5026,332,223,6.2281626506024095
23436,VINTAGE CHRISTMAS GIFT BAG LARGE ,2066.65,1781,83,82,24.899397590361446
85175,CACTI T-LIGHT CANDLES,2065.22,5185,130,84,15.88630769230769
21794,CLASSIC FRENCH STYLE BASKET NATURAL,2064.4700000000003,501,93,79,22.19860215053764
22441,GROW YOUR OWN BASIL IN ENAMEL MUG,2061.0,990,167,130,12.341317365269461
23029,DRAWER KNOB CRACKLE GLAZE GREEN,2060.4,1272,136,97,15.15
21239,PINK  POLKADOT CUP,2049.7,2572,201,141,10.197512437810945
21069,VINTAGE BILLBOARD TEA MUG,2047.8000000000002,1867,51,35,40.15294117647059
22829,SWEETHEART WIRE WALL TIDY,2046.85,213,97,80,21.101546391752578
22283,6 EGG HOUSE PAINTED WOOD,2043.04,256,117,82,17.46188034188034
22128,PARTY CONES CANDY ASSORTED,2042.69,1729,72,62,28.370694444444446
84596B,SMALL DOLLY MIX DESIGN ORANGE BOWL,2040.19,4436,361,189,5.651495844875346
22573,STAR WOODEN CHRISTMAS DECORATION,2036.56,2440,154,127,13.224415584415585
37448,CERAMIC CAKE DESIGN SPOTTED MUG,2035.55,1399,154,78,13.217857142857143
22070,SMALL RED RETROSPOT MUG IN BOX ,2030.68,873,84,62,24.174761904761905
22483,RED GINGHAM TEDDY BEAR ,2029.9800000000002,722,130,91,15.615230769230772
85184C,S/4 VALENTINE DECOUPAGE HEART BOX,2025.1000000000001,1368,92,82,22.011956521739133
23438, RED SPOT GIFT BAG LARGE,2023.5,1686,92,82,21.994565217391305
22653,BUTTON BOX ,2020.71,1071,118,73,17.12466101694915
22743,MAKE YOUR OWN FLOWERPOWER CARD KIT,2018.8100000000002,863,148,115,13.64060810810811
23543,KEEP CALM WALL ART ,2015.97,269,20,19,100.7985
20978,36 PENCILS TUBE SKULLS,2009.43,1627,179,133,11.22586592178771
22196,SMALL HEART MEASURING SPOONS,2008.6299999999999,2379,247,146,8.132105263157895
22075,6 RIBBONS ELEGANT CHRISTMAS ,2004.92,1538,120,96,16.707666666666668
22959,WRAP CHRISTMAS VILLAGE,2003.92,4876,140,133,14.313714285714287
21980,PACK OF 12 RED RETROSPOT TISSUES ,2002.7299999999998,6521,250,192,8.010919999999999
23326,HANGING MINI COLOURED BOTTLES,1999.59,3369,55,52,36.35618181818182
23152,IVORY SWEETHEART WIRE LETTER RACK ,1998.51,541,149,108,13.412818791946309
22920,HERB MARKER BASIL,1997.7500000000002,3325,188,133,10.626329787234043
21781,MA CAMPAGNE CUTLERY BOX,1997.55,137,81,51,24.66111111111111
82581,TOILET METAL SIGN,1997.13,3749,302,172,6.613013245033113
21982,PACK OF 12 SUKI TISSUES ,1995.05,6907,259,182,7.702895752895753
22811,SET OF 6 T-LIGHTS CACTI ,1987.93,775,55,37,36.14418181818182
85038,6 CHOCOLATE LOVE HEART T-LIGHTS,1985.8600000000001,1014,110,70,18.053272727272727
84950,ASSORTED COLOUR T-LIGHT HOLDER,1983.17,3349,87,66,22.795057471264368
23302,KNEELING MAT HOUSEWORK  DESIGN,1980.71,1473,187,140,10.592032085561497
23403,LETTER HOLDER HOME SWEET HOME,1980.31,595,110,80,18.00281818181818
23268,SET OF 2 CERAMIC CHRISTMAS REINDEER,1980.1799999999998,1434,78,68,25.386923076923075
22914,BLUE COAT RACK PARIS FASHION,1974.69,427,134,106,14.736492537313433
22185,SLATE TILE NATURAL HANGING,1974.2,1390,126,111,15.66825396825397
21878,PACK OF 6 SANDCASTLE FLAGS ASSORTED,1972.8999999999999,2396,152,120,12.979605263157893
21078,SET/20 STRAWBERRY PAPER NAPKINS ,1972.73,2483,201,148,9.81457711442786
37500,TEA TIME TEAPOT IN GIFT BOX,1972.46,338,80,53,24.65575
22224,WHITE LOVEBIRD LANTERN,1970.65,687,115,89,17.13608695652174
20977,36 PENCILS TUBE WOODLAND,1969.43,1595,142,111,13.869225352112677
23031,DRAWER KNOB CRACKLE GLAZE PINK,1968.0,1216,136,93,14.470588235294118
23424,GINGHAM RECIPE BOOK BOX,1966.95,409,103,87,19.096601941747572
85174,S/4 CACTI CANDLES,1965.87,493,80,55,24.573375
23490,T-LIGHT HOLDER HANGING LOVE BIRD,1965.63,533,95,83,20.690842105263158
23020,GLASS  SONGBIRD STORAGE JAR,1965.3,165,69,65,28.482608695652175
22935,BAKING MOULD ROSE MILK CHOCOLATE,1964.25,673,52,46,37.77403846153846
23352,ROLL WRAP 50'S RED CHRISTMAS ,1961.01,1593,162,151,12.105
22059,CERAMIC STRAWBERRY DESIGN MUG,1960.47,1739,142,85,13.80612676056338
22831,WHITE BROCANTE SOAP DISH,1960.2000000000003,684,104,91,18.848076923076924
21900,"KEY FOB , SHED",1959.13,3081,265,166,7.392943396226416
11001,ASSTD DESIGN RACING CAR PEN,1953.0,1252,62,44,31.5
23396,LE JARDIN BOTANIQUE CUSHION COVER,1948.23,521,139,114,14.016043165467625
23227,FILIGREE HEART BUTTERFLY WHITE ,1947.06,1592,87,61,22.38
23374,RED SPOT PAPER GIFT BAG,1944.08,2444,122,108,15.935081967213113
22863,SOAP DISH BROCANTE,1942.45,691,93,77,20.886559139784946
23251,VINTAGE RED ENAMEL TRIM MUG ,1940.45,1633,101,80,19.21237623762376
22824,3 TIER SWEETHEART GARDEN SHELF,1938.2500000000002,55,43,42,45.07558139534884
22932,BAKING MOULD TOFFEE CUP CHOCOLATE,1935.6000000000001,866,63,50,30.723809523809525
21033,JUMBO BAG CHARLIE AND LOLA TOYS,1932.67,921,108,75,17.895092592592594
23360,SET 8 CANDLES VINTAGE DOILY,1932.0,1024,100,88,19.32
22732,3D VINTAGE CHRISTMAS STICKERS ,1930.38,1522,126,102,15.32047619047619
22478,BIRDHOUSE GARDEN MARKER ,1929.35,1411,76,59,25.386184210526313
23500,KEY RING BASEBALL BOOT ASSORTED ,1928.8,1580,84,76,22.961904761904762
21993,FLORAL FOLK STATIONERY SET,1927.3500000000001,1360,205,151,9.401707317073171
22121,NOEL WOODEN BLOCK LETTERS ,1924.94,332,114,94,16.885438596491227
22509,SEWING BOX RETROSPOT DESIGN ,1923.85,203,80,71,24.048125
23213,STAR WREATH DECORATION WITH BELL,1921.94,1594,121,95,15.883801652892563
85049G,CHOCOLATE BOX RIBBONS ,1917.58,1573,227,161,8.44748898678414
20751,FUNKY WASHING UP GLOVES ASSORTED,1917.0600000000002,941,171,127,11.210877192982457
23231,WRAP DOILEY DESIGN,1915.5,4675,162,124,11.824074074074074
22973,CHILDREN'S CIRCUS PARADE MUG,1914.58,1186,110,81,17.405272727272727
22955,36 FOIL STAR CAKE CASES ,1912.3400000000001,997,106,91,18.040943396226417
22805,BLUE DRAWER KNOB ACRYLIC EDWARDIAN,1906.68,1560,122,77,15.628524590163934
21811,HANGING HEART WITH BELL,1906.58,4112,138,106,13.815797101449276
23197,SKETCHBOOK MAGNETIC SHOPPING LIST,1900.9399999999998,1318,180,113,10.560777777777776
23161,REGENCY CAKE FORK,1896.6,1608,68,58,27.891176470588235
23145,ZINC T-LIGHT HOLDER STAR LARGE,1896.54,2030,148,126,12.81445945945946
21506,"FANCY FONT BIRTHDAY CARD, ",1895.76,4704,250,171,7.58304
23315,IVORY REFECTORY CLOCK,1894.6999999999998,202,76,63,24.930263157894736
16169E,WRAP 50'S  CHRISTMAS,1892.46,4563,149,143,12.701073825503356
22744,MAKE YOUR OWN MONSOON CARD KIT,1892.14,830,146,123,12.95986301369863
22592,CARDHOLDER HOLLY WREATH METAL,1886.08,506,91,79,20.726153846153846
35004C,SET OF 3 COLOURED  FLYING DUCKS,1882.6499999999999,393,38,28,49.54342105263157
22733,3D TRADITIONAL CHRISTMAS STICKERS,1882.31,1471,141,119,13.349716312056737
84880,WHITE WIRE EGG HOLDER,1881.15,301,65,51,28.94076923076923
23291,DOLLY GIRL CHILDRENS CUP,1880.1399999999999,1548,144,104,13.056527777777777
22080,RIBBON REEL POLKADOTS ,1877.55,1167,126,116,14.901190476190475
22996,TRAVEL CARD WALLET VINTAGE TICKET,1875.12,4540,292,155,6.421643835616438
21249,WOODLAND  HEIGHT CHART STICKERS ,1874.4,672,79,68,23.726582278481015
22931,BAKING MOULD HEART WHITE CHOCOLATE,1873.51,792,110,95,17.031909090909092
40016,CHINESE DRAGON PAPER LANTERNS,1870.7,5524,75,54,24.942666666666668
23274,STAR T-LIGHT HOLDER WILLIE WINKIE,1870.11,1139,98,85,19.082755102040814
22374,AIRLINE BAG VINTAGE JET SET RED,1870.09,445,156,108,11.98775641025641
22792,FLUTED ANTIQUE CANDLE HOLDER,1867.9099999999999,2289,128,100,14.593046874999999
71459,HANGING JAM JAR T-LIGHT HOLDERS,1867.33,2413,69,61,27.062753623188406
23491,VINTAGE JINGLE BELLS HEART,1864.5,226,76,64,24.532894736842106
21556,CERAMIC STRAWBERRY MONEY BOX,1859.4,804,47,38,39.56170212765958
22763,KEY CABINET MA CAMPAGNE,1855.6999999999998,190,93,76,19.953763440860214
23289,DOLLY GIRL CHILDRENS BOWL,1854.8500000000001,1553,141,111,13.154964539007093
23068,ALUMINIUM STAMPED HEART,1852.5500000000002,771,124,100,14.939919354838711
22574,HEART WOODEN CHRISTMAS DECORATION,1851.99,2121,157,131,11.79611464968153
22897,OVEN MITT APPLES DESIGN,1847.76,1296,172,135,10.742790697674419
20992,JAZZ HEARTS PURSE NOTEBOOK,1845.87,4339,244,162,7.565040983606557
23094,LE GRAND TRAY CHIC SET,1837.5,147,74,65,24.83108108108108
37450,CERAMIC CAKE BOWL + HANGING CAKES,1832.15,665,98,47,18.695408163265306
23357,HOT WATER BOTTLE SEX BOMB,1832.0,432,88,79,20.818181818181817
23066,SMALL DECO JEWELLERY STAND,1831.65,229,70,63,26.166428571428572
23235,STORAGE TIN VINTAGE LEAF,1831.1,702,93,86,19.689247311827955
47504K,ENGLISH ROSE GARDEN SECATEURS,1825.99,1957,174,141,10.494195402298852
22601,CHRISTMAS RETROSPOT ANGEL WOOD,1824.87,2235,150,121,12.165799999999999
22859,EASTER TIN BUNNY BOUQUET,1822.8,1144,127,111,14.352755905511811
23075,PARLOUR CERAMIC WALL HOOK,1819.25,443,72,56,25.26736111111111
22571,ROCKING HORSE RED CHRISTMAS ,1807.6,2200,176,152,10.270454545454545
22736,RIBBON REEL MAKING SNOWMEN ,1807.31,1091,152,130,11.890197368421052
23367,SET 12 COLOUR PENCILS SPACEBOY ,1803.3,2778,231,184,7.806493506493506
21042,RED RETROSPOT APRON ,1796.9,302,105,71,17.113333333333333
22747,POPPY'S PLAYHOUSE BATHROOM,1794.6,876,169,123,10.618934911242603
84968A,SET OF 16 VINTAGE ROSE CUTLERY,1787.85,147,48,32,37.246874999999996
22807,SET OF 6 T-LIGHTS TOADSTOOLS,1786.1900000000003,669,107,74,16.69336448598131
10135,COLOURING PENCILS BROWN TUBE,1784.19,1936,117,92,15.24948717948718
21112,SWISS ROLL TOWEL PINK  SPOTS,1782.18,666,27,21,66.00666666666667
22536,MAGIC DRAWING SLATE PURDEY,1780.92,4718,144,109,12.3675
22412,METAL SIGN NEIGHBOURHOOD WITCH ,1778.4,874,113,73,15.738053097345134
23371,SET 36 COLOUR PENCILS SPACEBOY ,1775.22,1498,133,98,13.347518796992482
21916,SET 12 RETRO WHITE CHALK STICKS,1771.1200000000001,4362,248,156,7.141612903225807
23005,TRAVEL CARD WALLET I LOVE LONDON,1767.72,4346,175,105,10.101257142857143
22477,WATERING CAN GARDEN MARKER,1765.6,1280,70,63,25.22285714285714
37446,MINI CAKE STAND WITH HANGING CAKES,1764.8999999999999,1290,148,93,11.924999999999999
22291,HANGING CHICK CREAM DECORATION,1761.7499999999998,1215,90,72,19.574999999999996
51014A,"FEATHER PEN,HOT PINK",1758.8899999999999,3573,157,106,11.203121019108279
21622,VINTAGE UNION JACK CUSHION COVER,1755.3,358,92,76,19.079347826086956
23028,DRAWER KNOB CRACKLE GLAZE BLUE,1751.79,1079,111,87,15.781891891891892
72802B,OCEAN SCENT CANDLE IN JEWELLED BOX,1749.94,968,75,54,23.332533333333334
21873,IF YOU CAN'T STAND THE HEAT MUG,1748.59,1583,88,62,19.87034090909091
21584,RETROSPOT SMALL TUBE MATCHES,1743.35,1059,146,119,11.940753424657533
22710,WRAP I LOVE LONDON ,1742.5,4425,100,79,17.425
21034,REX CASH+CARRY JUMBO SHOPPER,1740.3999999999999,1832,859,480,2.026076833527357
22534,MAGIC DRAWING SLATE SPACEBOY ,1735.5,4331,202,172,8.591584158415841
22593,CHRISTMAS GINGHAM STAR,1735.27,2047,138,106,12.574420289855073
21990,MODERN FLORAL STATIONERY SET,1734.6,1212,177,127,9.799999999999999
22788,BROCANTE COAT RACK,1734.05,205,46,33,37.69673913043478
15044D,RED PAPER PARASOL,1732.7900000000002,629,73,53,23.736849315068497
22639,SET OF 4 NAPKIN CHARMS HEARTS,1730.82,762,127,101,13.628503937007874
23228,FILIGREE HEART BIRD WHITE ,1726.3,1397,78,58,22.132051282051282
22588,CARD HOLDER GINGHAM HEART,1724.42,602,135,110,12.773481481481483
22186,RED STAR CARD HOLDER,1723.79,801,118,111,14.608389830508473
23090,VINTAGE GLASS T-LIGHT HOLDER,1722.7900000000002,2129,122,96,14.121229508196723
21845,DAIRY MAID STRIPE MUG,1720.3000000000002,1906,82,63,20.979268292682928
22466,FAIRY TALE COTTAGE NIGHT LIGHT,1717.1999999999998,912,81,74,21.2
22803,IVORY EMBROIDERED QUILT ,1715.9,46,25,18,68.63600000000001
23359,SET OF 12 T-LIGHTS VINTAGE DOILY,1715.85,915,70,67,24.512142857142855
22858,EASTER TIN KEEPSAKE,1713.8999999999999,1078,110,103,15.58090909090909
23148,MINIATURE ANTIQUE ROSE HOOK IVORY,1711.5500000000002,2065,230,142,7.441521739130436
23128,FELTCRAFT BOY JEAN-PAUL KIT,1711.23,349,117,103,14.625897435897436
22562,MONSTERS STENCIL CRAFT,1710.42,1390,190,149,9.002210526315789
22115,METAL SIGN EMPIRE TEA,1706.8100000000002,1495,183,152,9.326830601092897
20982,12 PENCILS TALL TUBE SKULLS,1705.6599999999999,2014,215,158,7.933302325581395
22712,CARD DOLLY GIRL ,1701.21,4271,213,141,7.986901408450704
22119,PEACE WOODEN BLOCK LETTERS,1699.66,342,103,82,16.501553398058252
21471,STRAWBERRY RAFFIA FOOD COVER,1695.15,493,92,77,18.42554347826087
22027,TEA PARTY BIRTHDAY CARD,1692.71,4141,262,180,6.460725190839695
21586,KINGS CHOICE GIANT TUBE MATCHES,1691.25,731,66,54,25.625
16161U,WRAP SUKI AND FRIENDS,1687.5,4075,134,105,12.593283582089553
21564,PINK  HEART SHAPE LOVE BUCKET ,1686.5200000000002,1016,103,63,16.373980582524275
23358,HOT STUFF HOT WATER BOTTLE,1686.15,527,67,61,25.166417910447763
23073,GEORGIAN TRINKET BOX,1681.5,141,59,49,28.5
21041,RED RETROSPOT OVEN GLOVE DOUBLE,1678.5500000000002,569,138,100,12.16340579710145
23109,LED TEA LIGHTS,1676.35,595,54,54,31.043518518518518
21114,LAVENDER SCENTED FABRIC HEART,1674.03,1327,128,105,13.078359375
21989,PACK OF 20 SKULL PAPER NAPKINS,1672.6899999999998,2065,205,130,8.159463414634146
23155,KNICKERBOCKERGLORY MAGNET ASSORTED ,1669.38,2094,111,84,15.03945945945946
22579,WOODEN TREE CHRISTMAS SCANDINAVIAN,1664.2899999999997,4805,276,226,6.030036231884057
21988,PACK OF 6 SKULL PAPER PLATES,1663.3,2194,147,101,11.314965986394558
51008,AFGHAN SLIPPER SOCK PAIR,1662.95,511,19,16,87.52368421052631
22055,MINI CAKE STAND  HANGING STRAWBERY,1661.78,1246,142,102,11.702676056338028
21870,I CAN ONLY PLEASE ONE PERSON MUG,1658.89,1349,137,97,12.108686131386863
70006,LOVE HEART POCKET WARMER,1656.05,2619,78,72,21.231410256410257
23160,REGENCY TEA SPOON,1651.8,1392,60,50,27.529999999999998
21917,SET 12 KIDS  WHITE CHALK STICKS,1651.14,4090,186,132,8.877096774193548
22414,DOORMAT NEIGHBOURHOOD WITCH ,1645.67,253,70,37,23.50957142857143
22832,BROCANTE SHELF WITH HOOKS,1645.45,155,69,64,23.847101449275364
47570B,TEA TIME TABLE CLOTH,1642.68,180,26,23,63.18
21992,VINTAGE PAISLEY STATIONERY SET,1640.29,1151,199,160,8.242663316582915
21056,DOCTOR'S BAG SOFT TOY,1640.1799999999998,174,66,46,24.851212121212118
21068,VINTAGE BILLBOARD LOVE/HATE MUG,1637.71,1535,125,81,13.10168
20674,GREEN POLKADOT BOWL,1632.81,1360,149,101,10.958456375838926
22544,MINI JIGSAW SPACEBOY,1627.04,4411,124,101,13.121290322580645
23434,3 RAFFIA RIBBONS 50'S CHRISTMAS ,1624.5,1782,134,129,12.123134328358208
21245,GREEN POLKADOT PLATE ,1618.03,1011,100,72,16.1803
21494,ROTATING LEAVES T-LIGHT HOLDER,1617.23,1222,126,79,12.83515873015873
23270,SET OF 2 CERAMIC PAINTED HEARTS ,1612.85,1157,118,96,13.66822033898305
21718,RED METAL BEACH SPADE ,1612.42,1288,143,106,11.275664335664336
23096,PETIT TRAY CHIC,1606.73,993,117,89,13.732735042735042
22651,GENTLEMAN SHIRT REPAIR KIT ,1602.72,1992,94,73,17.050212765957447
23214,JINGLE BELL HEART ANTIQUE GOLD,1599.8700000000001,760,91,78,17.58098901098901
85061W,WHITE JEWELLED HEART DECORATION,1594.5,1968,108,77,14.76388888888889
85035C,ROSE 3 WICK MORRIS BOX CANDLE,1592.7,1090,107,86,14.885046728971963
85015,SET OF 12  VINTAGE POSTCARD SET,1590.12,2128,113,103,14.071858407079645
22156,HEART DECORATION WITH PEARLS ,1586.46,1873,152,106,10.437236842105264
21439,BASKET OF TOADSTOOLS,1574.98,1322,77,51,20.454285714285714
22789,T-LIGHT HOLDER SWEETHEART HANGING,1574.6399999999999,822,126,101,12.497142857142856
20981,12 PENCILS TALL TUBE WOODLAND,1571.6499999999999,1849,208,157,7.556009615384615
84356,POMPOM CURTAIN,1570.15,337,46,32,34.13369565217391
23101,SILVER STARS TABLE DECORATION,1569.6200000000001,1942,190,175,8.261157894736844
23217,LAUREL HEART ANTIQUE SILVER,1567.0,1290,84,64,18.654761904761905
21534,DAIRY MAID LARGE MILK JUG,1563.75,321,124,94,12.610887096774194
23370,SET 36 COLOURING PENCILS DOILY,1562.6100000000001,1289,102,84,15.319705882352942
46000M,POLYESTER FILLER PAD 45x45cm,1562.4,1008,133,92,11.747368421052633
22110,BIRD HOUSE HOT WATER BOTTLE,1562.06,617,154,116,10.143246753246753
22332,SKULLS PARTY BAG + STICKER SET,1561.05,981,129,92,12.101162790697675
22305,COFFEE MUG PINK PAISLEY DESIGN,1559.44,684,44,35,35.441818181818185
85034C,3 ROSE MORRIS BOXED CANDLES,1555.64,1068,131,109,11.875114503816794
84596F,SMALL MARSHMALLOWS PINK BOWL,1553.25,3285,288,166,5.393229166666667
22037,ROBOT BIRTHDAY CARD,1552.96,3747,257,173,6.042645914396887
23122,PARTY CHARMS 50 PIECES,1552.65,2091,94,89,16.517553191489363
23244,ROUND STORAGE TIN VINTAGE LEAF,1552.5099999999998,853,96,80,16.171979166666663
22602,RETROSPOT WOODEN HEART DECORATION,1552.22,1850,164,132,9.464756097560976
23317,BLUE REFECTORY CLOCK ,1547.95,161,70,56,22.11357142857143
37495,FAIRY CAKE BIRTHDAY CANDLE SET,1547.4,428,84,75,18.42142857142857
23399,HOME SWEET HOME HANGING HEART,1539.6299999999999,1815,176,146,8.747897727272727
21394,RED POLKADOT BEAKER ,1538.62,3822,114,88,13.496666666666666
22928,YELLOW GIANT GARDEN THERMOMETER,1535.5700000000002,251,88,62,17.449659090909094
23273,HEART T-LIGHT HOLDER WILLIE WINKIE,1533.8400000000001,928,97,88,15.812783505154641
21207,SKULL AND CROSSBONES  GARLAND ,1532.25,981,84,74,18.241071428571427
22674,FRENCH TOILET SIGN BLUE METAL,1531.71,1270,144,106,10.636875
22828,REGENCY MIRROR WITH SHUTTERS,1530.0,10,7,7,218.57142857142858
22428,ENAMEL FIRE BUCKET CREAM,1528.73,221,92,75,16.61663043478261
22398,MAGNETS PACK OF 4 SWALLOWS,1528.29,2544,228,167,6.703026315789473
22934,BAKING MOULD EASTER EGG WHITE CHOC,1527.2,560,69,65,22.133333333333333
23483,HANGING  BUTTERFLY T-LIGHT HOLDER,1526.62,1310,66,57,23.13060606060606
23372,SET 36 COLOUR PENCILS DOLLY GIRL,1520.22,1294,99,76,15.355757575757575
21544,SKULLS  WATER TRANSFER TATTOOS ,1519.85,1869,113,80,13.45
22292,HANGING CHICK  YELLOW DECORATION,1515.6499999999999,1085,88,76,17.223295454545454
22479,DAISY GARDEN MARKER,1513.1,1078,54,48,28.02037037037037
22434,BALLOON PUMP WITH 10 BALLOONS,1511.48,774,112,94,13.495357142857143
22377,BOTTLE BAG RETROSPOT ,1510.89,1038,105,83,14.389428571428573
21981,PACK OF 12 WOODLAND TISSUES ,1508.87,5281,190,143,7.941421052631578
22852,DOG BOWL VINTAGE CREAM,1507.92,354,108,83,13.962222222222223
22361,GLASS JAR DAISY FRESH COTTON WOOL,1507.3500000000001,537,123,92,12.254878048780489
21967,PACK OF 12 SKULL TISSUES,1504.9799999999998,5162,173,129,8.699306358381502
22891,TEA FOR ONE POLKADOT,1502.01,341,104,69,14.442403846153846
22165,"DIAMANTE HEART SHAPED WALL MIRROR, ",1490.65,267,38,27,39.227631578947374
22220,CAKE STAND LOVEBIRD 2 TIER WHITE,1489.55,213,74,64,20.129054054054052
22799,SWEETHEART WIRE FRUIT BOWL,1489.3,197,79,70,18.851898734177215
23181,BULL DOG BOTTLE TOP WALL CLOCK,1484.25,185,69,60,21.51086956521739
22313,OFFICE MUG WARMER PINK,1482.89,553,54,41,27.460925925925928
15060B,FAIRY CAKE DESIGN UMBRELLA,1482.87,411,95,68,15.60915789473684
22594,CHRISTMAS GINGHAM TREE,1480.06,1744,125,93,11.84048
22913,RED COAT RACK PARIS FASHION,1479.69,327,95,78,15.575684210526317
23226,FILIGREE HEART DAISY WHITE,1478.59,1199,71,56,20.82521126760563
22804,PINK HANGING HEART T-LIGHT HOLDER,1476.13,823,66,50,22.365606060606062
23394,POSTE FRANCE CUSHION COVER,1470.0,392,119,90,12.352941176470589
85049C,ROMANTIC PINKS RIBBONS ,1468.85,1196,205,162,7.165121951219512
22671,FRENCH LAUNDRY SIGN BLUE METAL,1463.66,918,103,75,14.210291262135923
18097C,WHITE TALL PORCELAIN T-LIGHT HOLDER,1461.15,669,52,43,28.099038461538463
84818,DANISH ROSE PHOTO FRAME,1460.81,1423,99,79,14.755656565656565
22154,ANGEL DECORATION 3 BUTTONS ,1455.84,3528,111,87,13.115675675675675
21591,COSY HOUR CIGAR BOX MATCHES ,1451.3899999999999,1183,143,114,10.149580419580419
23391, I LOVE LONDON MINI BACKPACK,1449.8500000000001,359,68,58,21.321323529411767
85206A,CREAM FELT EASTER EGG BASKET,1446.9,914,103,99,14.047572815533982
21206,STRAWBERRY HONEYCOMB  GARLAND ,1446.6,1220,75,55,19.288
23287,RED VINTAGE SPOT BEAKER,1445.5,1774,146,114,9.900684931506849
21626,VINTAGE UNION JACK PENNANT,1444.95,741,74,64,19.52635135135135
21509,COWBOYS AND INDIANS BIRTHDAY CARD ,1444.75,3581,203,142,7.1169950738916254
22312,OFFICE MUG WARMER POLKADOT,1443.1900000000003,499,93,61,15.518172043010756
23462,ROCOCO WALL MIRROR WHITE,1442.25,75,43,42,33.5406976744186
22284,HEN HOUSE DECORATION,1442.1000000000001,874,99,78,14.566666666666668
72807B,SET/3 OCEAN SCENT CANDLE JEWEL BOX,1435.0,348,78,56,18.397435897435898
22314,OFFICE MUG WARMER CHOC+BLUE,1431.14,516,93,58,15.388602150537636
22530,MAGIC DRAWING SLATE DOLLY GIRL ,1430.7,3511,181,143,7.904419889502763
21713,CITRONELLA CANDLE FLOWERPOT,1429.2,692,125,103,11.4336
22095,LADS ONLY TISSUE BOX,1427.59,1571,102,72,13.995980392156861
23267,SET OF 4 SANTA PLACE SETTINGS,1427.34,1158,91,79,15.685054945054944
23280,FOLDING BUTTERFLY MIRROR HOT PINK ,1427.16,1838,128,84,11.1496875
22282,12 EGG HOUSE PAINTED WOOD,1425.27,111,64,39,22.26984375
21898,POTTING SHED ROSE CANDLE,1423.0300000000002,445,7,6,203.29000000000002
22364,GLASS JAR DIGESTIVE BISCUITS,1421.1200000000001,516,95,69,14.959157894736844
22176,BLUE OWL SOFT TOY,1420.4,488,98,62,14.49387755102041
22675,FRENCH KITCHEN SIGN BLUE METAL,1420.14,1173,123,94,11.545853658536586
22085,PAPER CHAIN KIT SKULLS ,1415.65,507,73,62,19.39246575342466
22526,WHEELBARROW FOR CHILDREN ,1406.4,112,67,55,20.991044776119406
22975,SPACEBOY CHILDRENS EGG CUP,1405.97,1118,142,110,9.901197183098592
22816,CARD MOTORBIKE SANTA,1405.08,3402,176,158,7.983409090909091
72807A,SET/3 ROSE CANDLE IN JEWELLED BOX,1402.03,339,66,53,21.242878787878787
20963,APPLE BATH SPONGE,1397.99,1100,122,83,11.458934426229508
20668,DISCO BALL CHRISTMAS DECORATION,1397.04,12618,181,111,7.718453038674033
22853,CAT BOWL VINTAGE CREAM,1396.95,431,101,76,13.831188118811882
23368,SET 12 COLOUR PENCILS DOLLY GIRL ,1396.4,2152,178,134,7.84494382022472
21192,WHITE BELL HONEYCOMB PAPER ,1390.2,924,39,32,35.646153846153844
21792,CLASSIC FRENCH STYLE BASKET GREEN ,1388.65,331,70,58,19.837857142857143
22458,CAST IRON HOOK GARDEN FORK,1371.4299999999998,513,14,12,97.9592857142857
22198,LARGE POPCORN HOLDER ,1370.45,873,53,42,25.857547169811323
21872,GLAMOROUS  MUG,1365.73,1265,119,81,11.47672268907563
84971S,SMALL HEART FLOWERS HOOK ,1365.5,1654,114,69,11.978070175438596
23546,WRAP PAISLEY PARK ,1365.0,3250,120,106,11.375
23348,CHILDRENS TOY COOKING UTENSIL SET,1363.16,676,122,95,11.17344262295082
22047,EMPIRE GIFT WRAP,1363.0,3350,105,93,12.980952380952381
22731,3D CHRISTMAS STAMPS STICKERS ,1361.95,1075,105,85,12.970952380952381
22436,12 COLOURED PARTY BALLOONS,1359.65,2089,139,105,9.781654676258993
22445,PENCIL CASE LIFE IS BEAUTIFUL,1359.3500000000001,469,93,72,14.616666666666669
23086,ZINC  STAR T-LIGHT HOLDER ,1357.79,1183,35,30,38.794
85034B,3 WHITE CHOC MORRIS BOXED CANDLES,1357.44,880,90,80,15.082666666666666
22498,WOODEN REGATTA BUNTING,1356.6000000000001,228,96,68,14.131250000000001
21055,TOOL BOX SOFT TOY ,1350.24,144,82,63,16.466341463414633
21714,CITRONELLA CANDLE GARDEN POT,1348.75,1079,126,106,10.704365079365079
23414,ZINC BOX SIGN HOME,1348.01,139,62,58,21.74209677419355
22531,MAGIC DRAWING SLATE CIRCUS PARADE  ,1347.66,3291,163,127,8.267852760736197
22583,PACK OF 6 HANDBAG GIFT BOXES,1346.4,528,77,73,17.485714285714288
23334,IVORY WICKER HEART SMALL,1345.5,2154,95,83,14.163157894736843
85040A,S/4 PINK FLOWER CANDLES IN BOWL,1344.89,805,125,86,10.759120000000001
21537,RED RETROSPOT PUDDING BOWL,1337.5,326,57,50,23.464912280701753
22358,KINGS CHOICE TEA CADDY ,1335.38,454,110,87,12.139818181818184
84032B,CHARLIE + LOLA RED HOT WATER BOTTLE,1333.15,651,130,106,10.255
22357,KINGS CHOICE BISCUIT TIN,1332.6,324,87,69,15.317241379310344
23104,IVORY CAFE HANGING LAMP ,1330.5,114,43,37,30.941860465116278
23250,VINTAGE RED TRIM ENAMEL BOWL ,1328.59,1079,87,63,15.271149425287355
23232,WRAP VINTAGE PETALS  DESIGN,1327.5,3275,104,95,12.764423076923077
22714,CARD BIRTHDAY COWBOY,1324.89,3367,155,125,8.547677419354839
23470,CARD HOLDER LOVE BIRD LARGE ,1323.4,220,75,70,17.645333333333333
22199,FRYING PAN RED RETROSPOT,1323.0,382,97,71,13.639175257731958
85232B,SET OF 3 BABUSHKA STACKING TINS,1321.6499999999999,267,9,7,146.85
21519,GIN & TONIC DIET GREETING CARD ,1320.9,3217,191,100,6.915706806282723
23034,DRAWER KNOB CERAMIC BLACK,1314.95,935,78,57,16.858333333333334
72349B,SET/6 PURPLE BUTTERFLY T-LIGHTS,1314.7800000000002,687,91,51,14.44813186813187
21232,STRAWBERRY CERAMIC TRINKET POT,1312.04,1036,75,57,17.493866666666666
21578,WOODLAND DESIGN  COTTON TOTE BAG,1311.75,583,82,68,15.996951219512194
90057,DIAMANTE RING ASSORTED IN BOX.,1311.3600000000001,1008,22,21,59.607272727272736
21829,DINOSAUR KEYRINGS ASSORTED,1310.25,6354,131,104,10.001908396946565
22285,HANGING HEN ON NEST DECORATION,1310.1,794,87,72,15.058620689655172
22399,MAGNETS PACK OF 4 CHILDHOOD MEMORY,1309.9,1130,87,71,15.05632183908046
22818,CARD CHRISTMAS VILLAGE,1309.32,3138,162,151,8.082222222222223
22982,PANTRY PASTRY BRUSH,1307.05,1044,146,120,8.952397260273973
22696,WICKER WREATH LARGE,1303.4599999999998,692,123,108,10.597235772357722
22076,6 RIBBONS EMPIRE  ,1302.72,1034,113,96,11.528495575221239
20961,STRAWBERRY BATH SPONGE ,1301.86,1026,127,82,10.250866141732283
22600,CHRISTMAS RETROSPOT STAR WOOD,1301.84,1538,143,120,9.103776223776224
22676,FRENCH BLUE METAL DOOR SIGN 1,1301.14,1038,138,61,9.428550724637683
23271,CHRISTMAS TABLE SILVER CANDLE SPIKE,1301.05,1603,74,68,17.581756756756757
21705,BAG 500g SWIRLY MARBLES,1299.21,1377,110,89,11.811
23057,BEADED CHANDELIER T-LIGHT HOLDER,1298.44,596,34,31,38.18941176470588
21832,CHOCOLATE CALCULATOR,1296.83,779,115,83,11.276782608695651
22071,SMALL WHITE RETROSPOT MUG IN BOX ,1295.04,710,72,64,17.986666666666665
22949,36 DOILIES DOLLY GIRL,1294.85,893,74,71,17.49797297297297
22306,SILVER MUG BONE CHINA TREE OF LIFE,1290.57,1126,99,85,13.036060606060605
21111,"SWISS ROLL TOWEL, CHOCOLATE  SPOTS",1290.3,788,50,46,25.805999999999997
84510A,SET OF 4 ENGLISH ROSE COASTERS,1289.34,1058,144,100,8.95375
22713,CARD I LOVE LONDON ,1286.92,3249,149,109,8.637046979865772
23055,IVORY CHANDELIER T-LIGHT HOLDER,1286.72,560,36,33,35.742222222222225
22939,APRON APPLE DELIGHT,1286.65,267,62,52,20.75241935483871
22948,METAL DECORATION NAUGHTY CHILDREN ,1284.86,1454,98,69,13.11081632653061
21039,RED RETROSPOT SHOPPING BAG,1284.66,510,77,57,16.683896103896107
22976,CIRCUS PARADE CHILDRENS EGG CUP ,1282.34,1022,112,77,11.449464285714285
35953,FOLKART STAR CHRISTMAS DECORATIONS,1281.1599999999999,3016,85,81,15.072470588235293
22503,CABIN BAG VINTAGE PAISLEY,1279.2,64,16,15,79.95
22227,HANGING HEART MIRROR DECORATION ,1276.85,1969,170,83,7.510882352941176
23119,PACK OF 6 LARGE FRUIT STRAWS ,1275.71,2155,116,97,10.9975
23000,TRAVEL CARD WALLET TRANSPORT,1274.76,3042,205,125,6.218341463414634
23538,WALL ART VINTAGE HEART,1273.92,326,27,25,47.18222222222222
21200,MULTICOLOUR HONEYCOMB PAPER GARLAND,1272.9,1010,39,33,32.63846153846154
72802A,ROSE SCENT CANDLE IN JEWELLED BOX,1271.67,315,55,44,23.12127272727273
21470,FLOWER VINE RAFFIA FOOD COVER,1271.13,336,114,77,11.150263157894738
23378,PACK OF 12 50'S CHRISTMAS TISSUES,1270.59,3413,144,127,8.823541666666666
21686,MEDINA STAMPED METAL STOOL,1268.3500000000001,33,18,6,70.4638888888889
84969,BOX OF 6 ASSORTED COLOUR TEASPOONS,1267.99,295,73,48,17.36972602739726
22716,CARD CIRCUS PARADE,1267.23,3076,214,167,5.921635514018692
35924,HANGING FAIRY CAKE DECORATION,1262.1000000000001,724,31,25,40.71290322580646
22130,PARTY CONE CHRISTMAS DECORATION ,1260.53,1505,88,78,14.324204545454545
84580,MOUSE TOY WITH PINK T-SHIRT,1256.3,334,120,91,10.469166666666666
23469,CARD HOLDER LOVE BIRD SMALL,1255.76,320,63,61,19.93269841269841
23249,VINTAGE RED ENAMEL TRIM PLATE,1254.9,778,67,56,18.729850746268657
21987,PACK OF 6 SKULL PAPER CUPS,1254.74,2050,147,106,8.535646258503402
21328,BALLOONS  WRITING SET ,1253.95,755,187,135,6.7056149732620325
22304,COFFEE MUG BLUE PAISLEY DESIGN,1252.76,738,47,38,26.654468085106384
47503A,ASS FLORAL PRINT MULTI SCREWDRIVER,1251.61,2730,161,123,7.773975155279502
22461,SAVOY ART DECO CLOCK,1251.25,231,45,35,27.805555555555557
22591,CARDHOLDER GINGHAM CHRISTMAS TREE,1250.84,374,63,53,19.854603174603174
21897,POTTING SHED CANDLE CITRONELLA,1250.82,402,2,1,625.41
84795B,SUNSET CHECK HAMMOCK,1249.65,167,40,33,31.24125
23040,PAPER LANTERN 9 POINT SNOW STAR ,1249.5,234,32,30,39.046875
21619,4 VANILLA BOTANICAL CANDLES,1247.5,896,121,99,10.309917355371901
22335,HEART DECORATION PAINTED ZINC ,1246.3,2018,123,88,10.132520325203252
22911,PAPER CHAIN KIT LONDON,1243.99,437,81,68,15.357901234567901
84279P,CHERRY BLOSSOM  DECORATIVE FLASK,1242.72,336,94,79,13.220425531914893
23373,VINTAGE CHRISTMAS PAPER GIFT BAG,1241.6599999999999,1563,88,86,14.109772727272725
23221,REINDEER HEART DECORATION SILVER,1241.5900000000001,1461,110,85,11.28718181818182
21793,CLASSIC FRENCH STYLE BASKET BROWN,1240.44,296,66,57,18.794545454545457
71038,WHITE HANGING BEADS CANDLE HOLDER,1239.5,238,47,34,26.372340425531913
22473,TV DINNER TRAY VINTAGE PAISLEY,1239.3899999999999,437,79,58,15.688481012658226
23505,PLAYING CARDS I LOVE LONDON ,1238.5,1058,104,93,11.908653846153847
23237,SET OF 4 KNICK KNACK TINS LEAVES ,1237.2,304,53,51,23.343396226415095
22742,MAKE YOUR OWN PLAYTIME CARD KIT,1236.2400000000002,624,88,77,14.04818181818182
21577,SAVE THE PLANET COTTON TOTE BAG,1235.25,549,116,94,10.648706896551724
22419,LIPSTICK PEN RED,1232.34,2803,157,94,7.849299363057324
22299,PIG KEYRING WITH LIGHT & SOUND ,1231.34,1316,42,38,29.317619047619047
15044A,PINK PAPER PARASOL ,1230.5800000000002,422,78,53,15.776666666666669
22208,WOOD STAMP SET THANK YOU,1229.1200000000001,1283,199,148,6.176482412060302
85183B,CHARLIE & LOLA WASTEPAPER BIN FLORA,1228.25,977,106,84,11.587264150943396
85054,FRENCH ENAMEL POT W LID,1227.41,549,87,66,14.10816091954023
22922,FRIDGE MAGNETS US DINER ASSORTED,1226.3999999999999,1482,88,73,13.936363636363636
22472,TV DINNER TRAY DOLLY GIRL,1224.17,291,80,58,15.302125
22363,GLASS JAR MARMALADE ,1223.99,453,57,46,21.473508771929826
22770,MIRROR CORNICE,1223.25,83,55,44,22.240909090909092
22912,YELLOW COAT RACK PARIS FASHION,1222.74,270,90,74,13.586
22905,CALENDAR IN SEASON DESIGN,1222.54,477,67,50,18.24686567164179
21422,PORCELAIN ROSE SMALL,1218.36,1560,46,32,26.48608695652174
22576,SWALLOW WOODEN CHRISTMAS DECORATION,1217.78,1418,125,102,9.742239999999999
22449,SILK PURSE BABUSHKA PINK,1214.3300000000002,364,87,65,13.957816091954024
21123,SET/10 IVORY POLKADOT PARTY CANDLES,1213.31,973,97,66,12.508350515463917
22475,SKULL DESIGN TV DINNER TRAY,1211.1000000000001,278,109,49,11.111009174311928
22200,FRYING PAN PINK POLKADOT,1209.54,326,76,51,15.915
21528,DAIRY MAID TRADITIONAL TEAPOT ,1209.2,176,86,62,14.06046511627907
22443,GROW YOUR OWN HERBS SET OF 3,1208.4,152,80,60,15.105
22609,PENS ASSORTED SPACEBALL,1206.2,5564,118,89,10.222033898305085
22278,OVERNIGHT BAG VINTAGE ROSE PAISLEY,1202.85,243,82,59,14.66890243902439
23138,SINGLE WIRE HOOK IVORY HEART,1201.8999999999999,870,75,60,16.025333333333332
23536,WALL ART VILLAGE SHOW ,1201.6100000000001,227,56,53,21.45732142857143
23444,Next Day Carriage,1200.0,79,79,63,15.189873417721518
22929,SCHOOL DESK AND CHAIR ,1199.75,19,13,13,92.28846153846153
84968C,SET OF 16 VINTAGE PISTACHIO CUTLERY,1198.5,94,48,36,24.96875
22028,PENNY FARTHING BIRTHDAY CARD,1198.45,2903,185,124,6.478108108108108
21615,4 LAVENDER BOTANICAL DINNER CANDLES,1193.75,839,100,86,11.9375
22917,HERB MARKER ROSEMARY,1191.15,1851,190,132,6.26921052631579
21864,UNION JACK FLAG PASSPORT COVER ,1190.3400000000001,609,96,65,12.399375000000001
84012,MAGIC SHEEP WOOL GROWING FROM PAPER,1190.0,1212,94,78,12.659574468085106
21620,SET OF 4 ROSE BOTANICAL CANDLES,1188.75,795,124,97,9.586693548387096
21813,GARLAND WITH STARS AND BELLS,1187.1000000000001,250,40,38,29.677500000000002
21624,VINTAGE UNION JACK DOORSTOP,1184.8500000000001,203,82,72,14.44939024390244
22293,HANGING CHICK GREEN DECORATION,1184.6499999999999,817,82,63,14.446951219512194
22664,TOY TIDY DOLLY GIRL DESIGN,1178.18,642,102,62,11.55078431372549
22442,GROW YOUR OWN FLOWERS SET OF 3,1177.8,292,74,68,15.916216216216215
23366,SET 12 COLOURING PENCILS DOILY,1177.1000000000001,1870,137,112,8.59197080291971
23598,PAPER BUNTING VINTAGE PARTY,1175.0,420,42,40,27.976190476190474
22439,6 ROCKET BALLOONS ,1172.9,1762,156,116,7.518589743589744
22711,WRAP CIRCUS PARADE,1171.34,2827,100,89,11.7134
22168,ORGANISER WOOD ANTIQUE WHITE ,1171.3,139,75,69,15.617333333333333
51014C,"FEATHER PEN,COAL BLACK",1170.8999999999999,2438,110,71,10.644545454545453
22916,HERB MARKER THYME,1168.4,1816,186,130,6.281720430107527
21902,"KEY FOB , FRONT  DOOR ",1168.28,1902,161,114,7.25639751552795
23071,MARIE ANTOINETTE TRINKET BOX GOLD,1167.6,312,16,15,72.975
23392,SPACEBOY ROCKET LOLLY MAKERS,1165.28,587,78,70,14.939487179487179
20984,12 PENCILS TALL TUBE POSY,1161.1799999999998,3782,167,135,6.95317365269461
22318,FIVE HEART HANGING DECORATION,1161.0000000000002,396,89,67,13.044943820224722
20985,HEART CALCULATOR,1155.88,1013,87,65,13.285977011494253
22575,METAL MERRY CHRISTMAS WREATH,1154.25,619,76,61,15.1875
21382,SET/4 SPRING FLOWER DECORATION,1151.8,1040,93,64,12.38494623655914
22613,PACK OF 20 SPACEBOY NAPKINS,1150.3799999999999,1488,114,82,10.091052631578947
22708,WRAP DOLLY GIRL,1149.5,2775,99,79,11.61111111111111
84536A,ENGLISH ROSE NOTEBOOK A7 SIZE,1147.0,2729,221,140,5.1900452488687785
84813,SET OF 4 DIAMOND NAPKIN RINGS,1146.97,145,22,20,52.135
21211,SET OF 72 SKULL PAPER  DOILIES,1143.35,815,66,58,17.323484848484846
21913,VINTAGE SEASIDE JIGSAW PUZZLES,1142.53,305,89,72,12.837415730337078
21742,LARGE ROUND WICKER PLATTER ,1142.4,192,89,75,12.835955056179776
37342,POLKADOT COFFEE CUP & SAUCER PINK,1142.29,1435,63,50,18.131587301587302
21899,"KEY FOB , GARAGE DESIGN",1140.6200000000001,1870,103,89,11.073980582524273
21901,"KEY FOB , BACK DOOR ",1140.26,1742,234,143,4.872905982905983
10133,COLOURING PENCILS BROWN TUBE,1138.99,2373,122,101,9.335983606557377
23142,IVORY WIRE KITCHEN ORGANISER,1137.65,116,36,34,31.60138888888889
23067,HANGING ENGRAVED METAL HEART,1137.1000000000001,274,71,63,16.01549295774648
85159B,"WHITE TEA,COFFEE,SUGAR JARS",1134.5,622,59,45,19.228813559322035
15039,SANDALWOOD FAN,1132.3,1558,70,58,16.175714285714285
22977,DOLLY GIRL CHILDRENS EGG CUP,1131.21,904,111,98,10.191081081081082
21986,PACK OF 12 PINK POLKADOT TISSUES,1129.79,3985,155,118,7.288967741935483
21706,FOLDING UMBRELLA RED/WHITE POLKADOT,1129.63,228,68,53,16.612205882352942
23559,WOODLAND BUNNIES LOLLY MAKERS,1129.28,563,75,69,15.057066666666666
21012,ANTIQUE ALL GLASS CANDLESTICK,1129.1,565,80,66,14.11375
23507,MINI PLAYING CARDS BUFFALO BILL ,1128.18,2839,101,91,11.17009900990099
23405,HOME SWEET HOME 2 DRAWER CABINET,1128.05,235,57,54,19.79035087719298
21361,LOVE LARGE WOOD LETTERS ,1127.85,91,54,42,20.88611111111111
22944,CHRISTMAS METAL POSTCARD WITH BELLS,1125.94,2704,57,50,19.753333333333334
22650,CERAMIC PIRATE CHEST MONEY BANK,1122.95,791,106,78,10.593867924528302
21744,SNOWFLAKE PORTABLE TABLE LIGHT ,1122.19,365,80,66,14.027375000000001
22918,HERB MARKER PARSLEY,1119.15,1771,187,130,5.984759358288771
21352,EUCALYPTUS & PINECONE  WREATH,1118.65,311,37,35,30.233783783783785
21175,GIN AND TONIC DIET METAL SIGN,1118.46,474,37,34,30.22864864864865
23431,NATURAL HANGING QUILTED HEARTS ,1113.13,1427,67,63,16.613880597014926
22060,LARGE CAKE STAND HANGING HEARTS,1111.05,231,34,31,32.67794117647059
84032A,CHARLIE+LOLA PINK HOT WATER BOTTLE,1107.01,447,105,78,10.54295238095238
22063,CERAMIC BOWL WITH STRAWBERRY DESIGN,1106.5500000000002,537,81,56,13.661111111111113
23506,MINI PLAYING CARDS SPACEBOY ,1106.28,2694,127,114,8.710866141732284
37447,CERAMIC CAKE DESIGN SPOTTED PLATE,1104.8899999999999,757,76,51,14.538026315789471
22754,SMALL RED BABUSHKA NOTEBOOK ,1104.74,1800,194,120,5.694536082474227
15058A,BLUE POLKADOT GARDEN PARASOL,1104.6,148,51,40,21.658823529411762
22915,ASSORTED BOTTLE TOP  MAGNETS ,1104.3600000000001,2928,133,110,8.303458646616543
22494,EMERGENCY FIRST AID TIN ,1102.64,890,119,79,9.265882352941178
23061,VINTAGE EMBOSSED HEART,1102.46,886,84,72,13.12452380952381
22416,SET OF 36 DOILIES SPACEBOY DESIGN ,1102.3999999999999,800,56,47,19.685714285714283
22334,DINOSAUR PARTY BAG + STICKER SET,1101.44,684,91,77,12.103736263736264
22320,BIRDS MOBILE VINTAGE DESIGN,1100.21,183,69,56,15.945072463768117
23072,MARIE ANTOINETTE TRINKET BOX SILVER,1099.0,326,22,21,49.95454545454545
22735,RIBBON REEL SOCKS AND MITTENS,1097.88,668,86,73,12.766046511627907
85227,SET OF 6 3D KIT CARDS FOR KIDS,1097.73,1311,147,115,7.467551020408163
22452,MEASURING TAPE BABUSHKA PINK,1094.8000000000002,388,66,53,16.58787878787879
21395,BLUE POLKADOT BEAKER ,1094.34,2806,78,63,14.03
21616,4 PEAR BOTANICAL DINNER CANDLES,1093.75,755,104,84,10.516826923076923
22471,TV DINNER TRAY AIR HOSTESS ,1092.73,359,64,53,17.07390625
22677,FRENCH BLUE METAL DOOR SIGN 2,1092.51,874,113,59,9.668230088495575
23225,CHERUB HEART DECORATION SILVER ,1089.6000000000001,1296,69,46,15.791304347826088
47480,HANGING PHOTO CLIP ROPE LADDER,1089.58,690,52,29,20.953461538461536
22603,CHRISTMAS RETROSPOT TREE WOOD,1088.1299999999999,1293,125,111,8.705039999999999
82578,KITCHEN METAL SIGN,1087.46,1954,220,142,4.9430000000000005
23539,WALL ART LOVES' SECRET ,1082.1100000000001,229,33,31,32.791212121212126
84884A,ANT WHITE WIRE HEART SPIRAL,1076.66,286,64,52,16.8228125
21700,BIG DOUGHNUT FRIDGE MAGNETS,1076.1,1266,85,58,12.659999999999998
23515,EMBROIDERED RIBBON REEL DAISY ,1075.3799999999999,558,59,58,18.22677966101695
21830,ASSORTED CREEPY CRAWLIES,1073.47,2551,88,63,12.198522727272728
23513,EMBROIDERED RIBBON REEL SUSIE ,1072.96,556,62,59,17.305806451612902
22919,HERB MARKER MINT,1070.25,1665,191,132,5.603403141361256
21820,GLITTER HEART GARLAND WITH BELLS ,1068.59,288,58,49,18.423965517241378
22073,RED RETROSPOT STORAGE JAR,1067.1,298,45,38,23.71333333333333
23418,LAVENDER TOILETTE BOTTLE,1066.88,533,60,55,17.781333333333336
23269,SET OF 2 CERAMIC CHRISTMAS TREES,1065.3999999999999,748,76,63,14.018421052631577
22984,CARD GINGHAM ROSE ,1063.66,2654,140,91,7.597571428571429
23375,50'S CHRISTMAS PAPER GIFT BAG,1059.9399999999998,1317,88,85,12.044772727272726
21070,VINTAGE BILLBOARD MUG ,1058.54,1032,77,51,13.747272727272726
21818,GLITTER HEART DECORATION,1056.34,2434,129,104,8.188682170542634
22921,HERB MARKER CHIVES ,1055.95,1643,166,116,6.361144578313254
23529,DOLLY GIRL WALL ART,1055.94,318,11,10,95.99454545454546
21819,GLITTER CHRISTMAS STAR ,1053.46,2462,118,95,8.927627118644068
16016,LARGE CHINESE STYLE SCISSOR,1053.45,1273,65,41,16.20692307692308
23369,SET 36 COLOUR PENCILS LOVE LONDON,1053.29,901,95,80,11.087263157894736
22167, OVAL WALL MIRROR DIAMANTE ,1050.0,120,58,41,18.103448275862068
22539,MINI JIGSAW DOLLY GIRL,1049.1499999999999,2821,85,74,12.342941176470587
85132B,CHARLIE AND LOLA TABLE TINS,1048.35,513,60,44,17.4725
23511,EMBROIDERED RIBBON REEL EMILY ,1046.42,524,85,83,12.310823529411765
23432,PRETTY HANGING QUILTED HEARTS,1045.2,1272,70,65,14.931428571428572
22375,AIRLINE BAG VINTAGE JET SET BROWN,1043.3,250,96,67,10.867708333333333
23542,70'S ALPHABET WALL ART,1043.1,150,15,14,69.53999999999999
22572,ROCKING HORSE GREEN CHRISTMAS ,1039.24,1252,126,114,8.247936507936508
22997,TRAVEL CARD WALLET UNION JACK,1038.9,2477,181,101,5.739779005524863
84828,JUNGLE POPSICLES ICE LOLLY MOULDS,1038.66,831,96,74,10.819375
22802,FAUX FUR CHOCOLATE THROW,1035.75,65,34,30,30.46323529411765
84968E,SET OF 16 VINTAGE BLACK CUTLERY,1035.06,87,22,15,47.04818181818182
21464,DISCO BALL ROTATOR BATTERY OPERATED,1034.0,244,102,57,10.137254901960784
21812,GARLAND WITH HEARTS AND BELLS,1032.15,217,42,36,24.575000000000003
22923,FRIDGE MAGNETS LES ENFANTS ASSORTED,1031.85,1269,75,64,13.758
22066,LOVE HEART TRINKET POT,1029.1399999999999,2232,131,99,7.856030534351144
23231,WRAP  VINTAGE DOILY ,1029.0,2450,93,80,11.064516129032258
23516,EMBROIDERED RIBBON REEL SOPHIE  ,1025.01,291,40,39,25.62525
21363,HOME SMALL WOOD LETTERS,1024.65,207,90,67,11.385000000000002
21071,VINTAGE BILLBOARD DRINK ME MUG,1020.98,845,107,72,9.541869158878505
21693,SMALL HAMMERED SILVER CANDLEPOT ,1020.7000000000002,346,43,40,23.737209302325585
21179,NO JUNK MAIL METAL SIGN,1019.5899999999999,1783,166,122,6.142108433734939
23026,DRAWER KNOB VINTAGE GLASS STAR,1016.97,503,53,43,19.188113207547172
22611,VINTAGE UNION JACK SHOPPING BAG,1016.85,219,40,36,25.42125
23411, TRELLIS COAT RACK,1016.5500000000001,217,46,42,22.098913043478262
23544,WALL ART MID CENTURY MODERN ,1015.78,164,20,17,50.789
84944,SET OF 6 KASHMIR FOLKART BAUBLES,1014.75,563,71,62,14.29225352112676
85036C,ROSE 1 WICK MORRIS BOXED CANDLE,1013.52,726,76,66,13.33578947368421
23508,MINI PLAYING CARDS DOLLY GIRL ,1013.0400000000001,2472,106,95,9.556981132075473
23327,HANGING CLEAR MINI BOTTLE,1012.02,1710,34,33,29.76529411764706
22755,SMALL PURPLE BABUSHKA NOTEBOOK ,1010.23,1574,193,110,5.2343523316062175
22474,SPACEBOY TV DINNER TRAY,1009.04,244,83,70,12.157108433734939
82567,"AIRLINE LOUNGE,METAL SIGN",1007.21,495,149,86,6.759798657718121
23460,SWEETHEART WALL TIDY ,1007.0799999999999,108,43,41,23.42046511627907
22402,MAGNETS PACK OF 4 VINTAGE COLLAGE,1005.7199999999999,1701,144,107,6.984166666666666
23433,HANGING QUILTED PATCHWORK APPLES,1003.1700000000001,1215,82,76,12.233780487804879
23347,I LOVE LONDON BEAKER,999.75,827,70,51,14.282142857142857
21984,PACK OF 12 PINK PAISLEY TISSUES ,999.5999999999999,3294,157,123,6.366878980891719
20665,RED RETROSPOT PURSE ,998.2000000000002,340,73,58,13.673972602739727
22686,FRENCH BLUE METAL DOOR SIGN No,997.2,859,73,39,13.66027397260274
23087,ZINC  HEART T-LIGHT HOLDER,997.1800000000001,830,49,43,20.35061224489796
22203,MILK PAN RED RETROSPOT,996.13,310,91,75,10.946483516483516
23131,MISELTOE HEART WREATH CREAM,996.0,240,1,1,996.0
23376,PACK OF 12 VINTAGE CHRISTMAS TISSUE,995.4599999999999,2630,113,104,8.809380530973451
23102,SILVER HEARTS TABLE DECORATION,995.33,1231,139,128,7.160647482014388
21809,CHRISTMAS HANGING TREE WITH BELL,993.66,1857,85,72,11.690117647058823
23365,SET 12 COLOUR PENCILS LOVE LONDON,991.45,1529,128,107,7.745703125
23452,HEART MINI PORTRAIT FRAME,990.9,510,81,69,12.233333333333333
22153,ANGEL DECORATION STARS ON DRESS,987.4200000000001,2399,86,61,11.481627906976746
22362,GLASS JAR PEACOCK BATH SALTS,987.23,349,81,62,12.188024691358025
21466,RED FLOWER CROCHET FOOD COVER,982.49,267,91,71,10.796593406593407
22081,RIBBON REEL FLORA + FAUNA ,978.37,585,89,74,10.992921348314606
22608,PENS ASSORTED FUNKY JEWELED ,977.89,4897,84,63,11.64154761904762
21329,DINOSAURS  WRITING SET ,975.1,586,168,120,5.804166666666667
23041,PAPER LANTERN 9 POINT SNOW STAR,971.1,234,42,40,23.121428571428574
22152,PLACE SETTING WHITE STAR,967.13,2350,93,70,10.399247311827956
21508,VINTAGE KID DOLLY CARD ,966.07,2381,145,108,6.6625517241379315
22245,"HOOK, 1 HANGER ,MAGIC GARDEN",965.26,1198,56,44,17.236785714285713
21407,BROWN CHECK CAT DOORSTOP ,965.0,233,94,79,10.26595744680851
22221,CAKE STAND LOVEBIRD 2 TIER PINK,964.4,124,44,37,21.918181818181818
22242,5 HOOK HANGER MAGIC TOADSTOOL,964.35,631,27,23,35.71666666666667
85132A,CHARLIE + LOLA BISCUITS TINS,963.3499999999999,453,51,38,18.889215686274508
22924,FRIDGE MAGNETS LA VIE EN ROSE,963.3,1170,74,63,13.017567567567568
22459,CAST IRON HOOK GARDEN TROWEL,962.73,375,15,12,64.182
22107,PIZZA PLATE IN BOX,962.48,291,69,44,13.948985507246377
72817,SET OF 2 CHRISTMAS DECOUPAGE CANDLE,961.4,1048,94,74,10.227659574468085
23281,FOLDING BUTTERFLY MIRROR RED  ,961.2800000000001,1252,89,56,10.800898876404496
22614,PACK OF 12 SPACEBOY TISSUES,960.6099999999999,2955,170,132,5.6506470588235285
20967,GREY FLORAL FELTCRAFT SHOULDER BAG,960.0,256,75,63,12.8
23121,PACK OF 6 COCKTAIL PARASOL STRAWS,958.32,2460,87,81,11.015172413793104
22673,FRENCH GARDEN SIGN BLUE METAL,956.83,769,110,85,8.698454545454545
82001S,SILVER RECORD COVER FRAME,955.86,272,19,13,50.30842105263158
21355,TOAST ITS - I LOVE YOU ,955.4,772,107,95,8.928971962616822
23518,EMBROIDERED RIBBON REEL RACHEL ,954.93,357,41,40,23.290975609756096
84819,DANISH ROSE ROUND SEWING BOX,951.79,811,62,56,15.351451612903226
84968F,SET OF 16 VINTAGE SKY BLUE CUTLERY,951.3,78,30,25,31.709999999999997
79302M,"ART LIGHTS,FUNK MONKEY",950.45,355,47,26,20.222340425531915
22757,LARGE RED BABUSHKA NOTEBOOK ,949.21,1008,113,81,8.400088495575222
22453,MEASURING TAPE BABUSHKA BLUE,948.7500000000001,333,46,38,20.625000000000004
23088,ZINC HEART FLOWER T-LIGHT HOLDER,947.18,760,57,52,16.61719298245614
22986,WRAP GINGHAM ROSE ,943.92,2276,82,69,11.51121951219512
23033,DRAWER KNOB CERAMIC RED,943.75,679,59,42,15.995762711864407
22597,MUSICAL ZINC HEART DECORATION ,943.64,2498,113,90,8.35079646017699
85199S,SMALL HANGING IVORY/RED WOOD BIRD,943.13,2227,157,101,6.007197452229299
51014L,"FEATHER PEN,LIGHT PINK",941.3399999999999,1924,105,72,8.965142857142856
21469,POLKA DOT RAFFIA FOOD COVER,941.21,250,71,57,13.256478873239438
22589,CARDHOLDER GINGHAM STAR,940.49,323,57,46,16.49982456140351
22678,FRENCH BLUE METAL DOOR SIGN 3,939.93,750,102,59,9.215
22758,LARGE PURPLE BABUSHKA NOTEBOOK  ,939.52,1120,127,85,7.397795275590551
84459B,YELLOW METAL CHICKEN HEART ,938.12,676,60,54,15.635333333333334
23533,WALL ART GARDEN HAVEN ,936.34,210,31,27,30.20451612903226
21447,12 IVORY ROSE PEG PLACE SETTINGS,936.25,749,91,56,10.288461538461538
22372,AIRLINE BAG VINTAGE WORLD CHAMPION ,935.33,221,101,81,9.260693069306932
22444,GROW YOUR OWN PLANT IN A CAN ,934.26,762,33,29,28.310909090909092
23402,HOME SWEET HOME 3 PEG HANGER ,934.1700000000001,255,51,44,18.317058823529415
21788,KIDS RAIN MAC BLUE,933.53,1199,66,59,14.14439393939394
22857,ASSORTED EASTER GIFT TAGS,933.26,1142,58,56,16.090689655172415
22995,TRAVEL CARD WALLET SUKI,932.88,2228,183,90,5.097704918032787
23525,WALL ART BUFFALO BILL ,932.6700000000001,321,29,24,32.16103448275862
23331,DECORATIVE WICKER HEART SMALL,932.28,1492,81,67,11.509629629629629
21688,SILVER PLATE CANDLE BOWL SMALL,932.2000000000002,316,39,36,23.902564102564106
21717,EASTER TIN BUCKET,931.95,405,38,34,24.525000000000002
22094,RED RETROSPOT TISSUE BOX,930.04,2081,145,117,6.414068965517241
22680,FRENCH BLUE METAL DOOR SIGN 5,929.97,743,100,61,9.2997
21198,WHITE HEART CONFETTI IN TUBE,929.91,963,50,47,18.5982
10125,MINI FUNKY DESIGN TAPES,929.45,1225,61,49,15.23688524590164
22046,TEA PARTY  WRAPPING PAPER ,929.0,2250,75,62,12.386666666666667
21043,APRON MODERN VINTAGE COTTON,927.9499999999999,441,57,52,16.279824561403508
22338,STAR DECORATION PAINTED ZINC ,924.9499999999999,4175,116,94,7.9737068965517235
22155,STAR DECORATION RUSTIC,924.42,2201,85,67,10.875529411764706
22860,EASTER TIN CHICKS PINK DAISY,924.0,560,85,82,10.870588235294118
23527,ANIMALS AND NATURE WALL ART,923.97,267,17,16,54.351176470588236
23153,ZINC SWEETHEART WIRE LETTER RACK,923.63,248,78,67,11.841410256410256
23512,EMBROIDERED RIBBON REEL ROSIE,921.46,484,49,46,18.80530612244898
22091,EMPIRE TISSUE BOX,919.67,1937,130,97,7.0743846153846155
23566,EGG CUP MILKMAID HEIDI,919.52,784,46,44,19.989565217391306
22024,RAINY LADIES BIRTHDAY CARD,918.91,2280,129,90,7.123333333333333
22540,MINI JIGSAW CIRCUS PARADE ,915.78,2451,65,50,14.088923076923077
72800E,4 IVORY DINNER CANDLES SILVER FLOCK,913.74,450,96,62,9.518125
21224,SET/4 SKULL BADGES,913.7,734,81,58,11.280246913580248
20956,PORCELAIN T-LIGHT HOLDERS ASSORTED,913.63,728,59,51,15.485254237288135
85106,CUT GLASS HEXAGON T-LIGHT HOLDER,912.9599999999999,528,9,9,101.44
22315,200 RED + WHITE BENDY STRAWS,912.27,759,119,90,7.666134453781512
22098,BOUDOIR SQUARE TISSUE BOX,910.08,1955,143,98,6.364195804195805
23514,EMBROIDERED RIBBON REEL SALLY ,909.14,458,62,57,14.663548387096775
84313C,ORANGE TV TRAY TABLE ,908.15,461,24,17,37.83958333333333
84459A,PINK METAL CHICKEN HEART ,906.14,670,53,50,17.09698113207547
22223,CAKE PLATE LOVEBIRD PINK,902.85,315,42,34,21.496428571428574
23510,MINI PLAYING CARDS GYMKHANA,901.74,2297,95,90,9.492
22808,SET OF 6 T-LIGHTS EASTER CHICKS,899.8000000000002,320,54,51,16.662962962962965
23529,WALL ART DOLLY GIRL ,896.3700000000001,311,19,18,47.17736842105264
23419,HOME SWEET HOME BOTTLE ,895.0400000000001,437,61,56,14.672786885245904
15058C,ICE CREAM DESIGN GARDEN PARASOL,894.35,193,30,26,29.811666666666667
85114A,BLACK ENCHANTED FOREST PLACEMAT,893.25,585,42,20,21.267857142857142
22939,ADULT APRON APPLE DELIGHT,891.9300000000001,179,40,32,22.298250000000003
21679,SKULLS  STICKERS,891.2199999999999,1054,87,67,10.24390804597701
84823,DANISH ROSE FOLDING CHAIR,890.4000000000001,112,25,25,35.61600000000001
21327,SKULLS WRITING SET ,887.7,538,145,99,6.122068965517242
21354,TOAST ITS - BEST MUM,885.95,751,68,55,13.028676470588236
23528,SPACEBOY WALL ART,885.9000000000001,306,13,12,68.14615384615385
16237,SLEEPING CAT ERASERS,885.45,4595,162,109,5.465740740740741
22994,TRAVEL CARD WALLET RETROSPOT,882.24,2104,160,89,5.514
21682,LARGE MEDINA STAMPED METAL BOWL ,881.1600000000001,177,50,42,17.6232
82599,FANNY'S REST STOPMETAL SIGN,879.1800000000001,421,85,67,10.34329411764706
23540,WALL ART THE MAGIC FOREST ,876.64,144,9,8,97.40444444444444
17091J,VANILLA INCENSE IN TIN,876.34,2066,87,66,10.07287356321839
21683,MEDIUM MEDINA STAMPED METAL BOWL ,876.1500000000001,297,48,39,18.253125
23107,WHITE HEARTS WIRE PLANT POT HOLDER,873.5600000000001,324,59,58,14.806101694915256
15058B,PINK POLKADOT GARDEN PARASOL,866.25,115,41,32,21.128048780487806
85064,CREAM SWEETHEART LETTER RACK,866.05,205,23,20,37.654347826086955
23545,WRAP RED VINTAGE DOILY,866.0,2100,68,63,12.735294117647058
15044B,BLUE PAPER PARASOL ,865.6500000000001,307,48,36,18.034375
84843,WHITE SOAP RACK WITH 2 BOTTLES,864.35,161,41,36,21.08170731707317
21389,IVORY HANGING DECORATION  BIRD,862.75,1015,94,81,9.178191489361701
47504H,ENGLISH ROSE SPIRIT LEVEL ,860.88,948,92,68,9.357391304347827
23517,EMBROIDERED RIBBON REEL REBECCA ,860.88,312,51,50,16.88
23002,TRAVEL CARD WALLET SKULLS,860.4,2052,140,85,6.145714285714286
21462,"NURSERY A,B,C PAINTED LETTERS",859.2,192,67,57,12.823880597014925
21507,"ELEPHANT, BIRTHDAY CARD, ",859.08,2114,126,95,6.818095238095238
23099,FRENCH CARRIAGE LANTERN,858.9000000000001,132,54,46,15.905555555555557
84509G,SET OF 4 FAIRY CAKE PLACEMATS ,856.25,491,46,42,18.61413043478261
22161,HEART DECORATION RUSTIC HANGING ,855.9200000000001,4138,153,118,5.594248366013073
84558A,3D DOG PICTURE PLAYING CARDS,855.5,290,60,49,14.258333333333333
21557,SET OF 6 FUNKY BEAKERS,854.0400000000001,300,51,26,16.745882352941177
23532,WALL ART WORK REST AND PLAY  ,853.47,205,26,23,32.82576923076923
21058,PARTY INVITES WOODLAND,853.2199999999999,1046,87,68,9.807126436781608
20886,BOX OF 9 PEBBLE CANDLES,851.4,452,77,56,11.057142857142857
22695,WICKER WREATH SMALL,850.87,695,96,82,8.863229166666667
21246,RED RETROSPOT BIG BOWL,849.45,175,39,33,21.78076923076923
21617,4 LILY  BOTANICAL DINNER CANDLES,848.0,470,76,62,11.157894736842104
21391,FRENCH LAVENDER SCENT HEART,846.6,965,75,69,11.288
23525,BUFFALO BILL WALL ART ,845.22,246,15,15,56.348
22706,WRAP COWBOYS  ,845.0,2050,69,64,12.246376811594203
85180A,RED HEARTS LIGHT CHAIN ,844.34,434,37,32,22.82
22310,IVORY KNITTED MUG COSY ,841.79,531,51,29,16.505686274509802
72816,SET/3 CHRISTMAS DECOUPAGE CANDLES,841.5600000000001,826,31,26,27.14709677419355
85034A,3 GARDENIA MORRIS BOXED CANDLES,840.29,489,67,58,12.541641791044775
21188,3D HEARTS  HONEYCOMB PAPER GARLAND,838.5000000000001,294,33,27,25.409090909090914
23178,JAM CLOCK MAGNET,838.47,309,55,50,15.244909090909092
23179,CLOCK MAGNET MUM'S KITCHEN,837.88,304,40,36,20.947
22307,GOLD MUG BONE CHINA TREE OF LIFE,835.61,729,61,53,13.698524590163935
23523,TREASURE AHOY WALL ART,833.46,270,16,15,52.09125
85232D,SET/3 DECOUPAGE STACKING TINS,827.7,174,53,45,15.616981132075473
21065,BOOM BOX SPEAKER GIRLS,827.15,485,40,31,20.67875
22500,SET OF 2 TINS JARDIN DE PROVENCE,826.5500000000001,235,85,78,9.724117647058824
21399,BLUE POLKADOT COFFEE MUG,826.14,2035,62,50,13.324838709677419
21821,GLITTER STAR GARLAND WITH BELLS ,825.45,223,40,35,20.63625
23502,PLAYING CARDS VINTAGE DOILY ,822.73,677,85,78,9.679176470588235
20686,DOLLY MIXTURE CHILDREN'S UMBRELLA,822.38,252,64,51,12.8496875
22761,CHEST 7 DRAWER MA CAMPAGNE,821.3,34,24,21,34.22083333333333
22231,JIGSAW TREE WITH BIRDHOUSE,821.13,867,106,93,7.746509433962264
22210,WOOD STAMP SET BEST WISHES,820.91,912,142,117,5.7810563380281685
23338,EGG FRYING PAN RED ,820.32,405,91,62,9.014505494505496
23479,WIRE EGG BASKET ,819.65,109,40,35,20.49125
23186,FRENCH STYLE STORAGE JAR CAFE ,819.4599999999999,1982,70,57,11.706571428571428
21695,SMALL SILVER FLOWER CANDLE POT,817.1500000000001,277,35,35,23.34714285714286
21694,SMALL REGAL  SILVER CANDLEPOT ,817.0500000000001,303,20,18,40.852500000000006
85035B,CHOCOLATE 3 WICK MORRIS BOX CANDLE,816.25,557,43,38,18.982558139534884
84968D,SET OF 16 VINTAGE RED CUTLERY,814.92,62,31,27,26.28774193548387
21467,CHERRY CROCHET FOOD COVER,813.67,215,78,58,10.431666666666667
47580,TEA TIME DES TEA COSY,813.61,328,76,55,10.705394736842106
79191C,RETRO PLASTIC ELEPHANT TRAY,812.53,1105,65,57,12.500461538461538
22376,AIRLINE BAG VINTAGE JET SET WHITE,812.19,191,82,66,9.904756097560977
84849D,HOT BATHS SOAP HOLDER,809.51,479,102,64,7.936372549019608
22679,FRENCH BLUE METAL DOOR SIGN 4,809.32,646,91,54,8.893626373626374
22211,WOOD STAMP SET FLOWERS,806.73,782,126,101,6.402619047619048
85183A,CHARLIE & LOLA WASTEPAPER BIN BLUE,805.75,657,81,60,9.947530864197532
22093,MOTORING TISSUE BOX,804.81,1823,153,114,5.260196078431372
37340,MULTICOLOUR SPRING FLOWER MUG,803.74,2042,63,59,12.757777777777777
22438,BALLOON ART MAKE YOUR OWN FLOWERS,801.45,887,68,66,11.786029411764707
21642,ASSORTED TUTTI FRUTTI PEN,800.9499999999999,2451,90,79,8.899444444444443
22209,WOOD STAMP SET HAPPY BIRTHDAY,798.6700000000001,820,121,100,6.6005785123966945
23524,HORSE & PONY WALL ART,797.3100000000001,256,17,16,46.90058823529412
23022,SMALL BONNE JAM JAR  T-LIGHT HOLDER,795.6800000000001,416,21,19,37.889523809523816
22421,LIPSTICK PEN FUSCHIA,794.78,1924,120,80,6.623166666666666
20931,BLUE POT PLANT CANDLE ,794.45,263,37,35,21.471621621621622
22123,PING MICROWAVE APRON,793.5999999999999,442,72,59,11.02222222222222
84796B,BLUE SAVANNAH PICNIC HAMPER FOR 2,793.3499999999999,69,17,16,46.667647058823526
79160,HEART SHAPE WIRELESS DOORBELL,792.5400000000001,443,48,30,16.51125
21191,LARGE WHITE HONEYCOMB PAPER BELL  ,788.04,394,44,38,17.91
22705,WRAP GREEN PEARS ,787.5,1875,74,61,10.641891891891891
22681,FRENCH BLUE METAL DOOR SIGN 6,785.57,627,81,45,9.698395061728396
22190,LOCAL CAFE MUG,785.13,566,52,38,15.098653846153846
22262,FELT EGG COSY CHICKEN,785.12,920,90,62,8.723555555555556
20846,ZINC HEART LATTICE T-LIGHT HOLDER,784.22,646,62,50,12.648709677419355
23380,PACK OF 12 VINTAGE DOILY TISSUES,783.6899999999999,2087,92,85,8.518369565217391
72818,CHRISTMAS DECOUPAGE CANDLE,782.77,1821,63,51,12.424920634920635
21291,SMALL POLKADOT CHOCOLATE GIFT BAG ,782.0,920,40,32,19.55
21262,WHITE GOOSE FEATHER CHRISTMAS TREE ,781.7500000000001,265,50,43,15.635000000000002
21648,ASSORTED TUTTI FRUTTI SMALL PURSE,780.14,646,31,26,25.1658064516129
23004,TRAVEL CARD WALLET PANTRY,779.9,1853,123,73,6.340650406504065
15044C,PURPLE PAPER PARASOL,779.45,271,60,43,12.990833333333335
85159A,"BLACK TEA,COFFEE,SUGAR JARS",779.4499999999999,451,45,38,17.321111111111108
23472, NINE DRAWER OFFICE TIDY,777.9,54,30,29,25.93
35648,VINTAGE BEAD PINK PURSE ,774.7600000000001,812,60,40,12.912666666666668
23220,REINDEER HEART DECORATION GOLD,774.4300000000001,929,77,55,10.057532467532468
84596G,SMALL CHOCOLATES PINK BOWL,774.18,1660,158,84,4.899873417721519
22682,FRENCH BLUE METAL DOOR SIGN 7,773.11,618,79,52,9.78620253164557
22074,6 RIBBONS SHIMMERING PINKS ,772.94,1000,75,61,10.305866666666667
22132,RED LOVE HEART SHAPE CUP,772.91,935,83,60,9.312168674698794
23409,PHOTO FRAME LINEN AND LACE LARGE,771.72,208,41,39,18.822439024390246
85059,FRENCH ENAMEL WATER BASIN,771.21,290,79,62,9.762151898734178
22270,HAPPY EASTER HANGING DECORATION,770.22,210,42,35,18.33857142857143
21927,BLUE/CREAM STRIPE CUSHION COVER ,769.9,622,98,41,7.856122448979591
21112,"SWISS ROLL TOWEL, PINK  SPOTS",769.65,579,19,18,40.507894736842104
22342,HOME GARLAND PAINTED ZINC ,769.65,833,52,49,14.800961538461538
22546,MINI JIGSAW PURDEY,767.41,2064,59,50,13.006949152542372
22936,BAKING MOULD ROSE WHITE CHOCOLATE,766.88,258,33,30,23.23878787878788
21199,PINK  HEART CONFETTI IN TUBE,766.56,864,48,45,15.969999999999999
22986,GINGHAM ROSE WRAP,766.5,1825,72,68,10.645833333333334
22817,CARD SUKI BIRTHDAY,763.08,1858,126,79,6.056190476190476
84535B,FAIRY CAKES NOTEBOOK A6 SIZE,762.99,1272,108,80,7.064722222222223
22537,MAGIC DRAWING SLATE DINOSAUR,762.72,1816,135,115,5.649777777777778
23458,DOLLY CABINET 3 DRAWERS ,762.4499999999999,51,30,30,25.415
84660A,WHITE STITCHED WALL CLOCK,761.9,837,36,30,21.163888888888888
21631,HIPPY CHIC DECORATIVE PARASOL,761.85,155,16,15,47.615625
22252,BIRDCAGE DECORATION TEALIGHT HOLDER,761.57,643,67,48,11.366716417910448
23550,WRAP ALPHABET POSTER  ,761.0,1850,63,60,12.079365079365079
17084R,ASSORTED INCENSE PACK,760.3199999999999,4032,27,16,28.159999999999997
22819,"BIRTHDAY CARD, RETRO SPOT",758.88,1848,126,94,6.022857142857143
22522,CHILDS GARDEN FORK BLUE ,757.89,921,120,100,6.3157499999999995
23423,PANTRY 3 HOOK ROLLING PIN HANGER,757.5,202,51,47,14.852941176470589
20752,BLUE POLKADOT WASHING UP GLOVES,756.0,360,115,91,6.573913043478261
22985,WRAP BILLBOARD FONTS DESIGN,756.0,1800,62,52,12.193548387096774
21287,SCENTED VELVET LOUNGE CANDLE ,755.13,1788,54,47,13.983888888888888
23519,EMBROIDERED RIBBON REEL CLAIRE,755.01,219,19,18,39.73736842105263
23487,SWEET HEART CAKE CARRIER,754.0,78,42,41,17.952380952380953
21504,SKULLS GREETING CARD,753.12,1860,96,74,7.845
21408,SPOTTY PINK DUCK DOORSTOP,752.51,221,65,50,11.577076923076923
22497,SET OF 2 TINS VINTAGE BATHROOM ,752.25,177,59,50,12.75
23017,APOTHECARY MEASURING JAR,751.4000000000001,64,21,20,35.780952380952385
21743,STAR PORTABLE TABLE LIGHT ,750.7,274,31,28,24.216129032258067
22325,MOBILE VINTAGE HEARTS ,750.3,152,58,49,12.936206896551724
85194L,HANGING SPRING FLOWER EGG LARGE,746.28,900,56,52,13.32642857142857
23106,ZINC HEARTS PLANT POT HOLDER,746.15,275,49,48,15.227551020408162
22343,PARTY PIZZA DISH RED RETROSPOT,744.34,1702,63,48,11.814920634920636
21125,SET 6 FOOTBALL CELEBRATION CANDLES,743.75,595,67,59,11.100746268656716
21359,RELAX LARGE WOOD LETTERS,743.7,126,26,22,28.603846153846156
22118,JOY WOODEN BLOCK LETTERS,742.63,217,78,67,9.520897435897435
22815,CARD PSYCHEDELIC APPLES,742.2,1798,113,79,6.568141592920354
21947,SET OF 6 HEART CHOPSTICKS,741.48,594,82,62,9.042439024390244
22519,CHILDS GARDEN BRUSH PINK,741.0,370,65,53,11.4
21064,BOOM BOX SPEAKER BOYS,740.15,171,54,40,13.70648148148148
84519A,TOMATO CHARLIE+LOLA COASTER SET,739.19,477,61,45,12.117868852459017
20914,SET/5 RED SPOTTY LID GLASS BOWLS,734.4,288,1,1,734.4
22985,"WRAP, BILLBOARD FONTS DESIGN",731.0,1950,34,34,21.5
20802,SMALL GLASS SUNDAE DISH CLEAR,730.44,648,44,40,16.60090909090909
85114C,RED ENCHANTED FOREST PLACEMAT,730.0500000000001,457,60,37,12.1675
22277,COSMETIC BAG VINTAGE ROSE PAISLEY,728.62,355,63,54,11.565396825396826
22480,RED TEA TOWEL CLASSIC DESIGN,728.52,612,67,57,10.873432835820894
21465,PINK FLOWER CROCHET FOOD COVER,727.46,193,63,55,11.546984126984128
21949,SET OF 6 STRAWBERRY CHOPSTICKS,725.49,613,59,46,12.296440677966102
72799E,IVORY PILLAR CANDLE SILVER FLOCK,725.19,393,48,43,15.108125000000001
21294,ETCHED GLASS COASTER,722.88,1536,58,46,12.463448275862069
23335,EGG FRYING PAN IVORY ,722.5600000000001,358,81,62,8.920493827160495
22524,CHILDRENS GARDEN GLOVES BLUE,721.0,592,65,55,11.092307692307692
22683,FRENCH BLUE METAL DOOR SIGN 8,720.57,575,80,54,9.007125
84609,TALL ROCOCO CANDLE HOLDER,720.0,90,17,16,42.35294117647059
22523,CHILDS GARDEN FORK PINK,716.55,843,118,98,6.072457627118644
22566,FELTCRAFT HAIRBAND PINK AND PURPLE,716.28,828,118,94,6.070169491525424
22587,FELTCRAFT HAIRBAND RED AND BLUE,715.6999999999999,842,120,103,5.964166666666666
22102,MIRROR MOSAIC T-LIGHT HOLDER ,715.05,1533,18,13,39.724999999999994
72803A,ROSE SCENT CANDLE JEWELLED DRAWER,714.0,528,40,30,17.85
22182,CAKE STAND VICTORIAN FILIGREE SMALL,713.8000000000001,204,36,30,19.82777777777778
21983,PACK OF 12 BLUE PAISLEY TISSUES ,712.7299999999999,2223,124,98,5.747822580645161
22400,MAGNETS PACK OF 4 HOME SWEET HOME,711.87,1386,143,112,4.978111888111888
22565,FELTCRAFT HAIRBANDS PINK AND WHITE ,711.6099999999999,817,108,85,6.588981481481481
84817,DANISH ROSE DECORATIVE PLATE,710.64,951,55,48,12.920727272727273
23006,TRAVEL CARD WALLET FLOWER MEADOW,709.62,1693,130,88,5.458615384615385
37501,TEA TIME TEA SET IN GIFT BOX,708.9000000000001,102,29,28,24.444827586206898
20801,LARGE PINK GLASS SUNDAE DISH,708.16,848,54,47,13.114074074074074
21288,STRIPEY CHOCOLATE NESTING BOXES,707.95,253,40,33,17.69875
85130B,BEADED CRYSTAL HEART GREEN LARGE,707.7,816,50,44,14.154000000000002
22309,TEA COSY RED  STRIPE,706.83,292,64,48,11.04421875
84006,MAGIC TREE -PAPER FLOWERS,706.35,831,77,46,9.173376623376624
22254,FELT TOADSTOOL LARGE,706.02,594,41,33,17.22
21905,MORE BUTTER METAL SIGN ,705.3100000000001,684,110,84,6.4119090909090914
23123,COCKTAIL SWORDS 50 PIECES,705.2500000000001,899,68,64,10.371323529411766
22316,200 BENDY SKULL STRAWS,705.0500000000001,637,41,28,17.196341463414637
21090,SET/6 COLLAGE PAPER PLATES,704.26,1664,116,98,6.071206896551724
22581,WOOD STOCKING CHRISTMAS SCANDISPOT,704.02,1088,98,83,7.183877551020408
22099,CARAVAN SQUARE TISSUE BOX,703.5699999999999,1399,122,96,5.766967213114754
23564,EGG CUP MILKMAID INGRID,703.51,587,42,39,16.750238095238096
85116,BLACK CANDELABRA T-LIGHT HOLDER,702.8000000000001,694,37,30,18.994594594594595
85212,MINI PAINTED GARDEN DECORATION ,702.4699999999999,2427,70,60,10.035285714285713
22025,RING OF ROSES BIRTHDAY CARD,702.0,1764,87,73,8.068965517241379
10002,INFLATABLE POLITICAL GLOBE ,699.55,823,49,40,14.276530612244898
21636,MADRAS NOTEBOOK MEDIUM,699.45,911,71,60,9.851408450704225
20966,SANDWICH BATH SPONGE,698.25,589,41,28,17.03048780487805
79164,BLACK WINE GLASS,697.62,1666,19,12,36.71684210526316
21824,PAINTED METAL STAR WITH HOLLY BELLS,697.61,1449,73,63,9.556301369863014
15034,PAPER POCKET TRAVELING FAN ,697.0600000000001,6419,91,70,7.660000000000001
21162,TOXIC AREA  DOOR HANGER ,695.23,1413,137,98,5.074671532846716
23187,FRENCH STYLE STORAGE JAR BONBONS,695.06,2338,74,66,9.392702702702701
22103,MIRROR MOSAIC T-LIGHT HOLDER ROUND,694.2900000000001,1153,15,12,46.28600000000001
21773,DECORATIVE ROSE BATHROOM BOTTLE,693.52,920,59,50,11.75457627118644
21204,DAISIES  HONEYCOMB GARLAND ,691.35,419,51,44,13.555882352941177
23183,MOTHER'S KITCHEN SPOON REST ,690.71,178,58,45,11.908793103448277
23222,CHRISTMAS TREE HANGING GOLD,690.64,776,64,49,10.79125
21530,DAIRY MAID TOASTRACK,690.12,756,83,64,8.314698795180723
35471D,SET OF 3 BIRD LIGHT PINK FEATHER ,690.0,1654,137,114,5.036496350364963
85185B,PINK HORSE SOCK PUPPET,688.8000000000001,240,45,40,15.306666666666668
21823,PAINTED METAL HEART WITH HOLLY BELL,687.5899999999999,1195,69,61,9.965072463768115
20733,GOLD MINI TAPE MEASURE ,687.2,916,46,30,14.93913043478261
22097,SWALLOW SQUARE TISSUE BOX,685.55,1577,132,103,5.193560606060606
21158,MOODY GIRL DOOR HANGER ,684.9599999999999,1422,146,103,4.691506849315068
84660B,BLACK STITCHED WALL CLOCK,684.65,695,29,20,23.608620689655172
23115,RED APPLES CHOPPING BOARD   ,684.0,144,38,38,18.0
23114,VINTAGE LEAF CHOPPING BOARD  ,684.0,144,41,40,16.682926829268293
21680,WOODLAND  STICKERS,683.4,804,53,43,12.894339622641509
85032A,ROMANTIC IMAGES GIFT WRAP SET,679.15,737,96,82,7.074479166666666
84763,ZINC FINISH 15CM PLANTER POTS,679.01,573,49,39,13.85734693877551
23562,SET OF 6 RIBBONS PERFECTLY PRETTY  ,678.27,243,37,37,18.331621621621622
22685,FRENCH BLUE METAL DOOR SIGN 0,678.15,543,70,49,9.687857142857142
21708,FOLDING UMBRELLA CREAM POLKADOT,677.5,138,32,28,21.171875
85035A,GARDENIA 3 WICK MORRIS BOXED CANDLE,677.04,260,71,59,9.535774647887324
22586,FELTCRAFT HAIRBAND PINK AND BLUE,676.5999999999999,796,117,100,5.782905982905982
47593B,SCOTTIE DOGS BABY BIB,676.39,1663,94,68,7.19563829787234
20748,KENSINGTON COFFEE SET,675.75,53,30,26,22.525
21991,BOHEMIAN COLLAGE STATIONERY SET,675.53,471,102,80,6.622843137254901
22341,LOVE GARLAND PAINTED ZINC ,672.65,405,41,37,16.40609756097561
21789,KIDS RAIN MAC PINK,672.5799999999999,796,67,55,10.038507462686566
85231B,CINAMMON SET OF 9 T-LIGHTS,672.06,798,108,74,6.222777777777777
85049D,BRIGHT BLUES RIBBONS ,671.25,537,102,85,6.580882352941177
23223,CHRISTMAS TREE HANGING SILVER ,670.11,745,67,51,10.001641791044776
85039B,S/4 IVORY MINI ROSE CANDLE IN BOWL,669.91,491,51,38,13.13549019607843
23025,DRAWER KNOB VINTAGE GLASS BALL,669.61,317,46,40,14.556739130434783
21209,MULTICOLOUR HONEYCOMB FAN,669.12,1142,57,48,11.738947368421053
21880,RED RETROSPOT TAPE,668.94,1458,99,84,6.756969696969698
35646,VINTAGE BEAD PINK EVENING BAG,668.88,513,44,32,15.201818181818181
22336,DOVE DECORATION PAINTED ZINC ,667.71,2281,49,47,13.626734693877552
84279B,CHERRY BLOSSOM DECORATIVE FLASK,666.93,179,57,48,11.700526315789473
21866,UNION JACK FLAG LUGGAGE TAG,666.71,534,106,79,6.2897169811320754
23568,EGG CUP HENRIETTA HEN CREAM ,664.52,580,28,24,23.732857142857142
22518,CHILDS GARDEN BRUSH BLUE,663.3000000000001,333,57,44,11.63684210526316
23024,LARGE BONNE JAM JAR  T-LIGHT HOLDER,662.0600000000001,254,10,8,66.206
23597,PAPER BUNTING PAISLEY PARK,661.7,246,28,28,23.63214285714286
23547,WRAP FLOWER SHOP  ,661.5,1575,62,57,10.669354838709678
23140,TRIPLE WIRE HOOK IVORY HEART,658.54,160,35,29,18.81542857142857
23042,PAPER LANTERN 7 POINT SNOW STAR,658.35,99,25,25,26.334
21804,WHITE CHRISTMAS GARLAND STARS TREES,656.7,178,40,37,16.4175
21066,VINTAGE RED MUG,656.37,687,41,32,16.0090243902439
85032B,BLOSSOM IMAGES GIFT WRAP SET,655.8000000000001,739,93,84,7.0516129032258075
84536B,FAIRY CAKES NOTEBOOK A7 SIZE,655.34,1684,99,74,6.6195959595959595
21677,HEARTS  STICKERS,655.0,766,80,62,8.1875
22267,EASTER DECORATION EGG BUNNY ,654.7,828,75,67,8.729333333333335
21351,CINAMMON & ORANGE WREATH,654.55,101,31,27,21.114516129032257
22451,SILK PURSE BABUSHKA RED,654.1500000000001,201,38,35,17.214473684210528
21272,SALLE DE BAIN HOOK,653.8199999999999,498,60,49,10.896999999999998
23482,PEARLISED IVORY HEART LARGE ,651.15,415,36,32,18.0875
22856,ASSORTED EASTER DECORATIONS  BELLS,650.28,564,22,21,29.55818181818182
21696,SMALL SILVER TRELLIS CANDLEPOT,649.0000000000001,220,29,27,22.37931034482759
22057,CERAMIC PLATE STRAWBERRY DESIGN,648.18,578,56,46,11.574642857142857
20996,JAZZ HEARTS ADDRESS BOOK,648.12,3054,184,124,3.5223913043478263
21774,DECORATIVE CATS BATHROOM BOTTLE,647.03,835,52,39,12.442884615384616
22217,T-LIGHT HOLDER HANGING LACE,646.26,764,64,63,10.0978125
22276,WASH BAG VINTAGE ROSE PAISLEY,645.15,253,62,53,10.405645161290321
23408,PHOTO FRAME LINEN AND LACE SMALL,644.8000000000001,310,59,53,10.928813559322036
23524,WALL ART HORSE & PONY ,644.6700000000001,209,34,27,18.96088235294118
23120,PACK OF 6 SMALL FRUIT STRAWS,644.58,1617,79,69,8.159240506329114
22251,BIRDHOUSE DECORATION MAGIC GARDEN,642.94,518,72,66,8.929722222222223
21398,RED POLKADOT COFFEE  MUG,642.75,1499,49,43,13.11734693877551
22281,EASTER TREE YELLOW BIRDS,642.6,108,43,35,14.944186046511629
22026,BANQUET BIRTHDAY  CARD  ,642.24,1560,100,71,6.4224
23325,RUSTIC STRAWBERRY JAM POT SMALL,642.0,408,27,24,23.77777777777778
85019B,BLOSSOM  IMAGES NOTEBOOK SET,640.5,498,25,21,25.62
84800L,LARGE WHITE/PINK ROSE ART FLOWER,639.36,360,22,20,29.061818181818182
22454,MEASURING TAPE BABUSHKA RED,639.0,228,37,31,17.27027027027027
22718,CARD CAT AND TREE ,636.48,1536,104,70,6.12
23298,"BUNTING , SPOTTY ",634.7,146,7,7,90.67142857142858
70007,HI TEC ALPINE HAND WARMER,632.76,728,53,46,11.938867924528301
21613,S/12 VANILLA  BOTANICAL T-LIGHTS,632.7500000000001,221,38,37,16.65131578947369
17021,NAMASTE SWAGAT INCENSE,632.34,2391,47,30,13.45404255319149
35923,CANDY HEART HANGING DECORATION,631.71,1265,41,30,15.407560975609757
22101,MIRROR MOSAIC VOTIVE HOLDER,631.62,837,24,21,26.3175
85036A,GARDENIA 1 WICK MORRIS BOXED CANDLE,631.03,199,52,48,12.135192307692307
72232,FENG SHUI PILLAR CANDLE,630.23,3317,65,45,9.695846153846155
22535,MAGIC DRAWING SLATE BUNNIES ,630.1800000000001,1713,110,88,5.728909090909092
21786,POLKADOT RAIN HAT ,629.89,1586,88,55,7.1578409090909085
23551,PACK OF 12 PAISLEY PARK TISSUES ,629.4599999999999,1614,95,88,6.625894736842104
23019,SMALL APOTHECARY MEASURING JAR ,629.05,81,28,26,22.46607142857143
22814,CARD PARTY GAMES ,628.74,1569,95,75,6.618315789473685
85173,SET/6 FROG PRINCE T-LIGHT CANDLES,628.47,434,49,40,12.82591836734694
20704,MR ROBOT SOFT TOY,626.45,211,39,38,16.062820512820515
22321,BIRD DECORATION RED RETROSPOT,625.5999999999999,736,57,45,10.975438596491227
84665,SQUARE CHERRY BLOSSOM CABINET,624.75,105,17,14,36.75
85114B,IVORY ENCHANTED FOREST PLACEMAT,624.45,393,51,36,12.244117647058824
22999,TRAVEL CARD WALLET RETRO PETALS,623.94,1489,88,61,7.090227272727273
79163,BLACK CHAMPAGNE GLASS,621.87,1517,33,25,18.844545454545454
22618,COOKING SET RETROSPOT,621.66,66,25,23,24.8664
23224,CHERUB HEART DECORATION GOLD,620.45,719,59,44,10.516101694915255
85135C,RED DRAGONFLY HELICOPTER,620.1,78,49,41,12.655102040816328
85071B,RED CHARLIE+LOLA PERSONAL DOORSIGN,618.35,1245,103,88,6.003398058252428
79066K,RETRO MOD TRAY,618.13,739,110,69,5.619363636363636
22615,PACK OF 12 CIRCUS PARADE TISSUES ,617.8399999999999,2022,69,61,8.954202898550724
84581,DOG TOY WITH PINK CROCHET SKIRT,615.76,164,70,60,8.79657142857143
22715,CARD WEDDING DAY,615.24,1506,98,78,6.277959183673469
22753,SMALL YELLOW BABUSHKA NOTEBOOK ,613.78,917,166,98,3.697469879518072
23216,LAUREL HEART ANTIQUE GOLD,613.51,518,40,32,15.33775
22701,PINK DOG BOWL,613.24,436,52,39,11.793076923076923
22393,PAPERWEIGHT VINTAGE COLLAGE,612.28,485,49,43,12.495510204081633
21424,WOODLAND STORAGE BOX LARGE ,612.0500000000001,227,22,19,27.82045454545455
23453,OVAL  MINI PORTRAIT FRAME,611.85,315,46,40,13.30108695652174
85141,JARDIN ETCHED GLASS FRUITBOWL,611.65,119,38,32,16.096052631578946
22450,SILK PURSE BABUSHKA BLUE,610.6500000000001,183,52,41,11.743269230769233
23492,VINTAGE JINGLE BELLS WREATH,610.5,74,26,24,23.48076923076923
23070,EDWARDIAN HEART PHOTO FRAME,610.0500000000001,147,33,29,18.486363636363638
21054,NURSE'S BAG SOFT TOY,608.5999999999999,68,27,24,22.540740740740738
21195,PINK  HONEYCOMB PAPER BALL ,607.86,417,24,21,25.3275
22481,BLACK TEA TOWEL CLASSIC DESIGN,607.74,692,84,68,7.235
21769,VINTAGE POST OFFICE CABINET,607.6500000000001,11,2,2,303.82500000000005
23435,3 RAFFIA RIBBONS VINTAGE CHRISTMAS,606.28,676,44,40,13.77909090909091
22533,MAGIC DRAWING SLATE BAKE A CAKE ,605.52,1740,78,68,7.763076923076923
21628,TRIANGULAR POUFFE VINTAGE ,605.4499999999999,43,16,14,37.840624999999996
21894,POTTING SHED SEED ENVELOPES,604.48,471,71,57,8.513802816901409
21126,SET OF 6 GIRLS CELEBRATION CANDLES,604.19,487,67,57,9.017761194029852
22981,PANTRY APPLE CORER,601.9499999999999,435,72,58,8.360416666666666
21707,FOLDING UMBRELLA BLACKBLUE POLKADOT,601.22,120,47,44,12.791914893617022
21163,DO NOT TOUCH MY STUFF DOOR HANGER ,599.79,1171,110,86,5.452636363636364
85177,BASKET OF FLOWERS SEWING KIT,599.76,774,42,40,14.28
22062,CERAMIC BOWL WITH LOVE HEART DESIGN,599.74,554,52,43,11.53346153846154
22520,CHILDS GARDEN TROWEL BLUE ,599.25,705,105,88,5.707142857142857
85199L,LARGE HANGING IVORY & RED WOOD BIRD,598.37,925,65,52,9.205692307692308
23282,FOLDING BUTTERFLY MIRROR IVORY ,597.7800000000001,735,100,67,5.977800000000001
22228,BUNNY WOODEN PAINTED WITH BIRD ,597.31,851,93,81,6.42268817204301
23027,DRAWER KNOB VINTAGE GLASS HEXAGON,596.96,287,27,26,22.10962962962963
22389,PAPERWEIGHT SAVE THE PLANET,596.91,329,36,36,16.58083333333333
16225,RATTLE SNAKE EGGS,596.84,760,75,57,7.957866666666667
23471,SIX DRAWER OFFICE TIDY,596.0,64,26,26,22.923076923076923
84789,ENCHANTED BIRD PLANT CAGE,595.8000000000001,180,43,33,13.855813953488374
22806,SET OF 6 T-LIGHTS WEDDING CAKE ,595.6500000000001,243,28,28,21.27321428571429
23124,18PC WOODEN CUTLERY SET DISPOSABLE,595.15,503,24,23,24.797916666666666
21643,ASSORTED TUTTI FRUTTI MIRROR,594.26,490,31,27,19.169677419354837
22893,MINI CAKE STAND T-LIGHT HOLDER,591.84,1464,65,45,9.10523076923077
21292,SMALL STRIPES CHOCOLATE GIFT BAG ,591.25,865,26,25,22.740384615384617
22862,LOVE HEART NAPKIN BOX ,590.75,139,45,42,13.127777777777778
84660C,PINK STITCHED WALL CLOCK,590.57,639,27,20,21.872962962962966
23018,LARGE APOTHECARY MEASURING JAR ,587.2,50,20,19,29.360000000000003
84754,S/15 SILVER GLASS BAUBLES IN BAG,586.46,502,36,35,16.290555555555557
22133,PINK LOVE HEART SHAPE CUP,585.78,702,60,41,9.763
23520,EMBROIDERED RIBBON REEL RUBY ,585.63,165,30,30,19.521
84509B,SET OF 4 FAIRY CAKE PLACEMATS,585.0,156,48,37,12.1875
22106,MIRROR MOSAIC HURRICANE LAMP ,584.9,286,12,9,48.74166666666667
85039A,SET/4 RED MINI ROSE CANDLE IN BOWL,583.25,443,40,26,14.58125
21883,STARS GIFT TAPE ,581.0600000000001,1368,93,82,6.247956989247313
22163,HEART STRING MEMO HOLDER HANGING,580.94,626,49,41,11.85591836734694
22021,BLUE FELT EASTER EGG BASKET,577.5,350,64,60,9.0234375
22684,FRENCH BLUE METAL DOOR SIGN 9,576.9,462,60,41,9.615
22786,CUSHION COVER PINK UNION JACK,576.64,108,37,31,15.584864864864864
22448,PIN CUSHION BABUSHKA RED,576.3100000000001,187,34,29,16.95029411764706
85144,JARDIN ETCHED GLASS CHEESE DISH,575.45,219,40,37,14.38625
21143,ANTIQUE GLASS HEART DECORATION ,575.25,295,26,26,22.125
85125,SMALL ROUND CUT GLASS CANDLESTICK,574.75,127,18,14,31.930555555555557
22279,POCKET BAG BLUE PAISLEY RED SPOT,574.66,477,46,43,12.492608695652173
40001,WHITE BAMBOO RIBS LAMPSHADE,573.7099999999999,755,35,23,16.391714285714283
22319,HAIRCLIPS FORTIES FABRIC ASSORTED,572.26,1322,61,53,9.381311475409836
22403,MAGNETS PACK OF 4 VINTAGE LABELS ,569.36,1222,85,72,6.698352941176471
22339,CHRISTMAS TREE PAINTED ZINC ,569.29,2283,51,44,11.162549019607843
22035,VINTAGE CARAVAN GREETING CARD ,569.02,1394,87,65,6.540459770114943
22396,MAGNETS PACK OF 4 RETRO PHOTO,568.76,1176,107,87,5.315514018691589
21627,ELEPHANT CARNIVAL POUFFE,568.1,38,24,14,23.670833333333334
21171,BATHROOM METAL SIGN ,566.8,424,60,43,9.446666666666665
20893,HANGING BAUBLE T-LIGHT HOLDER SMALL,566.5500000000001,258,19,16,29.81842105263158
22105,MIRROR MOSAIC GOBLET CANDLE HOLDER,566.5,506,10,9,56.65
21684,SMALL MEDINA STAMPED METAL BOWL ,565.21,752,36,27,15.700277777777778
85032C,CURIOUS IMAGES GIFT WRAP SET,565.1,595,84,72,6.727380952380953
22288,HANGING METAL RABBIT DECORATION,565.0,452,39,37,14.487179487179487
22266,EASTER DECORATION HANGING BUNNY,562.7,1860,78,69,7.214102564102565
22067,CHOC TRUFFLE GOLD TRINKET POT ,562.53,385,48,32,11.719375
22096,PINK PAISLEY SQUARE TISSUE BOX ,561.75,1357,109,89,5.1536697247706424
23428,IVORY RETRO KITCHEN WALL CLOCK,559.5,70,26,25,21.51923076923077
35651,VINTAGE BEAD PINK SCARF ,557.1,330,33,29,16.881818181818183
84912B,GREEN ROSE WASHBAG,555.0,148,46,32,12.065217391304348
22999,TRAVEL CARD WALLET VINTAGE LEAF,554.4,1320,97,65,5.715463917525773
21289,LARGE STRIPES CHOCOLATE GIFT BAG,553.75,443,19,19,29.144736842105264
85036B,CHOCOLATE 1 WICK MORRIS BOX CANDLE,553.58,352,42,40,13.180476190476192
22525,CHILDRENS GARDEN GLOVES PINK,553.5,458,52,42,10.64423076923077
22272,FELTCRAFT DOLL MARIA,553.1,194,46,43,12.023913043478261
22129,PARTY CONES CANDY TREE DECORATION,552.18,690,28,27,19.720714285714283
23456,MEDIUM PARLOUR PICTURE FRAME ,550.0,136,34,31,16.176470588235293
22953,BIRTHDAY PARTY CORDON BARRIER TAPE,548.63,436,81,60,6.77320987654321
37327,ASSTD MULTICOLOUR CIRCLES MUG,547.98,1374,45,36,12.177333333333333
85019A,ROMANTIC IMAGES NOTEBOOK SET,547.25,409,28,25,19.544642857142858
22756,LARGE YELLOW BABUSHKA NOTEBOOK ,546.88,554,93,68,5.880430107526882
23549,WRAP BIRD GARDEN ,546.0,1300,51,46,10.705882352941176
84519B,CARROT CHARLIE+LOLA COASTER SET,545.99,425,91,63,5.99989010989011
85103,SILVER T-LIGHT SETTING,545.45,91,6,6,90.90833333333335
35810A,ENAMEL PINK COFFEE CONTAINER,545.38,602,52,46,10.488076923076923
84929,ASSTD FRUIT+FLOWERS FRIDGE MAGNETS,545.16,2244,62,57,8.792903225806452
23381,PACK OF 12 VINTAGE LEAF TISSUES ,544.62,1474,64,59,8.5096875
22825,DECORATIVE PLANT POT WITH FRIEZE,544.5,70,25,23,21.78
85172,HYACINTH BULB T-LIGHT CANDLES,544.3199999999999,1296,40,34,13.607999999999999
22258,FELT FARM ANIMAL RABBIT,543.9399999999999,722,36,35,15.109444444444442
23069,EDWARDIAN PHOTO FRAME,543.75,87,31,27,17.54032258064516
84352,SILVER CHRISTMAS TREE BAUBLE STAND ,543.35,33,22,14,24.697727272727274
20986,BLUE CALCULATOR RULER,543.01,459,58,40,9.362241379310344
21159,MOODY BOY  DOOR HANGER ,542.36,1108,108,73,5.021851851851852
85176,SEWING SUSAN 21 NEEDLE SET,542.24,626,75,50,7.229866666666667
21948,SET OF 6 CAKE CHOPSTICKS,541.82,417,54,37,10.033703703703704
18098C,PORCELAIN BUTTERFLY OIL BURNER,540.5500000000001,193,36,24,15.01527777777778
20702,PINK PADDED MOBILE,539.75,127,40,31,13.49375
22514,CHILDS GARDEN SPADE BLUE,537.0,260,75,61,7.16
23454,THREE MINI HANGING FRAMES,535.35,129,44,39,12.167045454545455
22821,GIFT BAG PSYCHEDELIC APPLES,534.6600000000001,822,66,52,8.100909090909092
20772,GARDEN PATH JOURNAL,534.46,218,46,40,11.618695652173914
20767,BLUE PAISLEY JOURNAL ,534.32,214,58,50,9.21241379310345
21205,MULTICOLOUR 3D BALLS GARLAND,532.95,209,48,43,11.103125
23324,RUSTIC STRAWBERRY JAM POT LARGE ,531.84,261,33,32,16.116363636363637
22246,MAGIC GARDEN FELT GARLAND ,531.78,266,35,30,15.193714285714284
21208,PASTEL COLOUR HONEYCOMB FAN,531.6899999999999,873,56,50,9.494464285714285
21448,12 DAISY PEGS IN WOOD BOX,531.3,322,62,46,8.569354838709677
21106,CREAM SLICE FLANNEL CHOCOLATE SPOT ,530.95,193,34,30,15.616176470588236
23473,WOODLAND SMALL RED FELT HEART,530.83,665,43,41,12.344883720930234
22249,DECORATION WHITE CHICK MAGIC GARDEN,530.49,629,75,73,7.0732
22136,LOVE HEART SOCK HANGER,530.25,333,50,37,10.605
22709,WRAP WEDDING DAY,528.5,1325,39,38,13.551282051282051
21633,SUNFLOWER DECORATIVE PARASOL,528.45,87,14,13,37.746428571428574
22599,CHRISTMAS MUSICAL ZINC STAR,528.2099999999999,1489,70,58,7.545857142857142
22275,WEEKEND BAG VINTAGE ROSE PAISLEY,527.85,69,1,1,527.85
21822,GLITTER CHRISTMAS TREE WITH BELLS,527.65,573,58,45,9.097413793103447
21747,SMALL SKULL WINDMILL,527.53,437,42,31,12.560238095238095
85130D,BEADED CRYSTAL HEART PINK LARGE,526.38,552,51,41,10.321176470588235
22707,WRAP MONSTER FUN ,525.0,1250,47,41,11.170212765957446
22482,BLUE TEA TOWEL CLASSIC DESIGN,523.52,448,48,40,10.906666666666666
20785,FUSCHIA RETRO BAR STOOL,523.3000000000001,14,5,4,104.66000000000001
23272,TREE T-LIGHT HOLDER WILLIE WINKIE,522.74,352,35,34,14.935428571428572
75131,METAL TUBE CHIME ON BAMBOO,522.5600000000001,488,13,13,40.196923076923085
23499,SET 12 VINTAGE DOILY CHALK ,522.48,1244,93,86,5.618064516129032
37475,SET/4 COLOURFUL MIXING BOWLS,522.16,56,29,27,18.00551724137931
21187,WHITE BELL HONEYCOMB PAPER GARLAND ,522.0,328,33,30,15.818181818181818
21261,GREEN GOOSE FEATHER CHRISTMAS TREE ,520.6500000000001,167,27,24,19.283333333333335
22269,EGG CUP NATURAL CHICKEN,520.48,840,87,62,5.982528735632184
84816,DANISH ROSE BEDSIDE CABINET,519.35,13,10,10,51.935
85049H,URBAN BLACK RIBBONS ,519.22,447,73,58,7.112602739726028
23451,SQUARE MINI PORTRAIT FRAME,519.0,268,44,38,11.795454545454545
16235,RECYCLED PENCIL WITH RABBIT ERASER,518.1899999999999,2629,80,68,6.477374999999999
20832,RED FLOCK LOVE HEART PHOTO FRAME,517.68,1010,55,47,9.412363636363635
22264,FELT FARM ANIMAL WHITE BUNNY ,517.0699999999999,1391,40,38,12.926749999999998
22642,SET OF 4 NAPKIN CHARMS STARS   ,516.8,253,43,39,12.01860465116279
20932,PINK POT PLANT CANDLE,516.25,189,22,22,23.46590909090909
22543,MINI JIGSAW BAKE A CAKE ,515.77,1434,39,32,13.224871794871794
85187,S/12 MINI RABBIT EASTER,515.4,324,58,53,8.886206896551723
22233,JIGSAW RABBIT AND BIRDHOUSE,514.7,540,77,70,6.684415584415585
22584,PACK OF 6 PANETTONE GIFT BOXES,513.9100000000001,226,14,14,36.70785714285715
23016,GLASS TWIST BON BON JAR,512.85,69,19,19,26.992105263157896
85071A,BLUE CHARLIE+LOLA PERSONAL DOORSIGN,512.8,976,90,77,5.697777777777778
22495,SET OF 2 ROUND TINS CAMEMBERT ,512.23,241,65,60,7.880461538461539
85107,CUT GLASS T-LIGHT HOLDER OCTAGON,511.35,241,25,21,20.454
21317,GLASS SPHERE CANDLE STAND MEDIUM,510.75,95,26,23,19.64423076923077
21926,RED/CREAM STRIPE CUSHION COVER ,509.9,414,60,35,8.498333333333333
22521,CHILDS GARDEN TROWEL PINK,508.29999999999995,598,94,81,5.407446808510638
22719,GUMBALL MONOCHROME COAT RACK,508.07,463,34,25,14.943235294117647
23060,HEART BEADED TRELLIS DECORATION,507.52000000000004,244,39,34,13.013333333333334
21784,SHOE SHINE BOX ,507.44999999999993,51,38,20,13.353947368421052
35001G,HAND OPEN SHAPE GOLD,506.58,156,24,23,21.107499999999998
22232,JIGSAW TOADSTOOLS 3 PIECE,506.42999999999995,623,61,54,8.302131147540983
35971,ROSE FOLKART HEART DECORATIONS,504.64,423,53,39,9.521509433962263
23219,LAUREL STAR ANTIQUE SILVER ,504.6,404,49,41,10.29795918367347
35599B,BLACK CHRISTMAS TREE 120CM,503.85,209,23,19,21.906521739130437
21925,UNION STRIPE CUSHION COVER ,503.75,403,65,38,7.75
22317,FIVE CATS HANGING DECORATION,503.37000000000006,171,39,35,12.906923076923078
85104,SILVER GLASS T-LIGHT SET,502.47999999999996,196,14,13,35.89142857142857
23139,SINGLE WIRE HOOK PINK HEART,502.38,406,22,20,22.835454545454546
22068,BLACK PIRATE TREASURE CHEST,502.38,432,81,56,6.202222222222222
22420,LIPSTICK PEN BABY PINK,499.91,1198,84,55,5.951309523809524
84031A,CHARLIE+LOLA RED HOT WATER BOTTLE ,498.53,173,49,34,10.17408163265306
22050,PINK PAISLEY ROSE GIFT WRAP,498.5,1225,40,37,12.4625
21383,PACK OF 12 STICKY BUNNIES,497.25,765,77,75,6.457792207792208
85170D,SET/6 PINK BIRD T-LIGHT CANDLES,497.21,355,51,30,9.749215686274509
85169A,IVORY LOVE BIRD CANDLE,496.72,502,48,44,10.348333333333334
79067,CORONA MEXICAN TRAY,496.25,143,18,16,27.569444444444443
23398,HANGING HEART BONHEUR,495.83,587,57,53,8.698771929824561
23528,WALL ART SPACEBOY,495.48,156,21,20,23.594285714285714
21264,WHITE GOOSE FEATHER TREE 60CM ,495.29999999999995,254,42,37,11.792857142857141
22820,GIFT BAG BIRTHDAY,494.83000000000004,761,45,42,10.996222222222222
22116,METAL SIGN HIS DINNER IS SERVED,493.39000000000004,505,90,65,5.482111111111111
85017B,ENVELOPE 50 BLOSSOM IMAGES,491.55,947,74,65,6.642567567567568
21446,12 RED ROSE PEG PLACE SETTINGS,490.0,392,75,47,6.533333333333333
22166,WALL MIRROR RECTANGLE DIAMANTE PINK,489.9000000000001,122,16,13,30.618750000000006
21638,ASSORTED TUTTI FRUTTI NOTEBOOK,489.3,233,31,25,15.783870967741937
21899,GARAGE KEY FOB,489.2,730,115,81,4.253913043478261
22515,CHILDS GARDEN SPADE PINK,488.70000000000005,237,63,53,7.757142857142858
20866,BLUE ROSE FABRIC MIRROR,487.34,408,37,34,13.171351351351351
22717,CARD DOG AND BALL ,487.08,1170,87,69,5.5986206896551725
21059,PARTY INVITES DINOSAURS,487.04999999999995,573,77,67,6.325324675324675
21251,DINOSAUR HEIGHT CHART STICKER SET,486.75000000000006,165,35,32,13.907142857142858
21277,FRENCH STYLE EMBOSSED HEART CABINET,485.9,23,20,19,24.294999999999998
23413,VINTAGE COFFEE GRINDER BOX,485.7,102,23,20,21.117391304347827
20764,ABSTRACT CIRCLES SKETCHBOOK ,483.63,126,60,45,8.0605
23660,HENRIETTA HEN MUG ,483.45000000000005,293,31,30,15.595161290322583
84820,DANISH ROSE TRINKET TRAYS,483.05,259,31,31,15.582258064516129
22861,EASTER TIN CHICKS IN GARDEN,481.8,292,38,36,12.678947368421053
22127,PARTY CONES CARNIVAL ASSORTED,479.7,402,20,20,23.985
23169,CLASSIC GLASS SWEET JAR,479.45,119,14,14,34.246428571428574
21096,SET/6 FRUIT SALAD  PAPER PLATES,479.25,1143,70,63,6.8464285714285715
84625C,BLUE NEW BAROQUE CANDLESTICK CANDLE,478.15,439,28,20,17.076785714285712
22181,SNOWSTORM PHOTO FRAME FRIDGE MAGNET,477.96999999999997,577,46,40,10.390652173913043
22359,GLASS JAR KINGS CHOICE,477.7900000000001,161,62,47,7.706290322580647
85025C,PINK HEART SHAPE PHOTO FRAME,476.35,307,28,27,17.0125
22023,EMPIRE BIRTHDAY CARD,476.25,1131,84,71,5.669642857142857
23021,GLASS BONNE JAM JAR,475.95000000000005,117,25,24,19.038
79030G,TUMBLER NEW ENGLAND,475.79999999999995,1220,41,35,11.604878048780487
21587,COSY HOUR GIANT TUBE MATCHES,475.65,195,26,25,18.29423076923077
22496,SET OF 2 ROUND TINS DUTCH CHEESE,474.14000000000004,242,69,63,6.871594202898551
22559,SEASIDE FLYING DISC,472.77,387,39,33,12.122307692307691
23180,MUM'S KITCHEN CLOCK,471.90000000000003,104,36,29,13.108333333333334
85231G,ORANGE SCENTED SET/9 T-LIGHTS,471.45,573,66,49,7.143181818181818
21618,4 WILDFLOWER BOTANICAL CANDLES,471.25,301,51,48,9.240196078431373
85025B,EAU DE NILE HEART SHAPE PHOTO FRAME,471.15000000000003,303,21,20,22.435714285714287
23527,WALL ART ANIMALS AND NATURE ,471.0,148,26,25,18.115384615384617
84625A,PINK NEW BAROQUECANDLESTICK CANDLE,470.75,455,31,24,15.185483870967742
21468,BUTTERFLY CROCHET FOOD COVER,468.67,123,50,43,9.3734
23377,PACK OF 12 DOLLY GIRL TISSUES,468.0,1200,80,69,5.85
85032D,YULETIDE IMAGES GIFT WRAP SET,467.5,630,58,57,8.060344827586206
85049F,BABY BOOM RIBBONS ,467.5,374,85,70,5.5
23136,IVORY WIRE SWEETHEART LETTER TRAY,467.05,127,44,39,10.614772727272728
22183,CAKE STAND VICTORIAN FILIGREE MED,466.95,74,17,16,27.46764705882353
23218,LAUREL STAR ANTIQUE GOLD,465.81,372,33,27,14.115454545454545
35599D,PINK AND WHITE CHRISTMAS TREE 120CM,465.38,186,19,17,24.493684210526315
21084,SET/6 COLLAGE PAPER CUPS,463.85,2199,103,90,4.503398058252428
21476,STEEL SWEETHEART ROUND TABLE CREAM,463.45,31,18,14,25.74722222222222
21634,ASSORTED MINI MADRAS NOTEBOOK,462.59999999999997,948,23,22,20.113043478260867
21803,CHRISTMAS TREE STAR DECORATION,462.41999999999996,1101,49,46,9.437142857142856
85131A,BEADED PEARL HEART WHITE ON STICK,462.17,469,25,19,18.486800000000002
21630,FLOOR CUSHION ELEPHANT CARNIVAL,461.3,54,22,13,20.96818181818182
21215,IVORY PAPER CUP CAKE CASES ,460.7,866,63,51,7.3126984126984125
22255,FELT TOADSTOOL  SMALL,460.7,542,44,33,10.470454545454546
23691,WRAP KEEP CALM BIRTHDAY,460.5,1125,36,34,12.791666666666666
23455,SMALL PARLOUR PICTURE FRAME,459.56,164,32,30,14.36125
85016,SET OF 6 VINTAGE NOTELETS KIT,459.0,522,25,22,18.36
23561,SET OF 6 RIBBONS PARTY,458.63,167,13,13,35.27923076923077
21865,PINK UNION JACK  PASSPORT COVER ,457.08000000000004,220,68,52,6.721764705882354
22324,BLUE POLKADOT KIDS BAG,456.35999999999996,228,29,20,15.736551724137929
22511,RETROSPOT BABUSHKA DOORSTOP,455.87,245,48,44,9.497291666666667
21014,SWISS CHALET TREE DECORATION ,455.56999999999994,1233,66,64,6.9025757575757565
23548,WRAP MAGIC FOREST ,451.5,1075,43,42,10.5
22194,BLACK DINER WALL CLOCK,450.5,53,33,24,13.651515151515152
22595,CHRISTMAS GINGHAM HEART,450.48,552,30,29,15.016
21507,ELEPHANT BIRTHDAY CARD ,449.88,1080,72,63,6.248333333333333
22286,"DECORATION , WOBBLY RABBIT , METAL ",448.8,272,34,30,13.200000000000001
35004G,SET OF 3 GOLD FLYING DUCKS,448.29999999999995,126,20,16,22.415
85194S,HANGING SPRING FLOWER EGG SMALL,447.75,1163,55,50,8.14090909090909
71279,PINK GLASS CANDLEHOLDER,447.65000000000003,155,27,20,16.579629629629633
23560,SET OF 6 RIBBONS COUNTRY STYLE,447.07,163,20,20,22.3535
21472,LADYBIRD + BEE RAFFIA FOOD COVER,446.25,119,33,29,13.522727272727273
21397,BLUE POLKADOT EGG CUP ,445.26,1016,44,43,10.119545454545454
23074,EMBOSSED HEART TRINKET BOX,444.02000000000004,221,35,32,12.686285714285715
17096,ASSORTED LAQUERED INCENSE HOLDERS,443.76000000000005,2516,13,12,34.135384615384616
23125,6PC WOOD PLATE SET DISPOSABLE,443.25,405,16,15,27.703125
21675,BUTTERFLIES STICKERS,442.71,519,51,45,8.680588235294117
22261,FELT EGG COSY WHITE RABBIT ,442.35999999999996,514,70,61,6.3194285714285705
85184C,SET 4 VALENTINE DECOUPAGE HEART BOX,441.53000000000003,151,44,38,10.034772727272728
84596L,BISCUITS SMALL BOWL LIGHT BLUE,440.94,1038,79,49,5.581518987341772
21650,ASSORTED TUTTI FRUTTI BRACELET,440.89,2197,61,48,7.227704918032787
84707A,SILVER JEWELLED MIRROR TRINKET TRAY,440.73999999999995,66,25,21,17.629599999999996
23045,PAPER LANTERN 5 POINT STAR MOON ,439.90000000000003,106,18,17,24.43888888888889
21473,SWEETHEART CREAM STEEL TABLE RECT,438.9,22,18,16,24.383333333333333
21640,ASSORTED TUTTI FRUTTI  FOB NOTEBOOK,437.16999999999996,529,46,38,9.503695652173912
72819,CUPID DESIGN SCENTED CANDLES,436.40000000000003,208,30,28,14.546666666666669
23425,STORAGE TIN HOME SWEET HOME,435.43,237,35,35,12.440857142857142
23565,EGG CUP MILKMAID HELGA ,435.0,348,31,28,14.03225806451613
35598B,BLACK CHRISTMAS TREE 60CM,433.7,554,22,20,19.713636363636365
35598D,PINK/WHITE CHRISTMAS TREE 60CM,433.22,660,24,23,18.050833333333333
23509,MINI PLAYING CARDS FUN FAIR ,433.2,1040,54,51,8.022222222222222
22446,PIN CUSHION BABUSHKA PINK,432.99,161,38,25,11.394473684210526
23043,PAPER LANTERN 9 POINT HOLLY STAR L,431.25,69,16,15,26.953125
21709,FOLDING UMBRELLA CHOCOLATE POLKADOT,430.06,87,31,30,13.872903225806452
22647,CERAMIC LOVE HEART MONEY BANK,429.84999999999997,721,36,34,11.940277777777776
20705,MRS ROBOT SOFT TOY,428.85,143,28,27,15.31607142857143
23379,PACK OF 12 RED APPLE TISSUES,428.01,1175,50,49,8.5602
21654,RIDGED GLASS FINGER BOWL,427.85999999999996,934,47,40,9.103404255319148
22903,CALENDAR FAMILY FAVOURITES,427.43,153,32,21,13.3571875
84674,FLYING PIG WATERING CAN,426.3,186,40,31,10.6575
23522,DOG AND BALL WALL ART,425.88,252,4,3,106.47
22340,NOEL GARLAND PAINTED ZINC ,425.15999999999997,980,61,53,6.96983606557377
21062,PARTY INVITES SPACEMAN,425.0,500,61,55,6.967213114754099
85130C,BEADED CRYSTAL HEART BLUE  LARGE,424.06,478,43,37,9.86186046511628
21972,SET OF 36 DINOSAUR PAPER DOILIES,423.4,292,39,35,10.856410256410255
17012B,ORIGAMI JASMINE INCENSE/CANDLE SET,422.54999999999995,455,36,33,11.737499999999999
77101A,UNION FLAG WINDSOCK,421.97,385,20,16,21.0985
90154,LAZER CUT NECKLACE W PASTEL BEADS,421.75,57,5,5,84.35
23058,CHRISTMAS HANGING SNOWFLAKE,421.02000000000004,486,44,39,9.568636363636365
21417,COCKLE SHELL DISH,420.88,289,32,24,13.1525
23117,POPPY FIELDS CHOPPING BOARD,420.75,85,39,39,10.788461538461538
84976,RECTANGULAR SHAPED MIRROR,420.68,502,29,27,14.506206896551724
21711,FOLDING UMBRELLA WHITE/RED POLKADOT,420.1,86,23,22,18.26521739130435
21802,CHRISTMAS TREE HEART DECORATION,418.74,997,46,45,9.10304347826087
21662,VINTAGE GLASS COFFEE CADDY,416.3,74,16,14,26.01875
85111,SILVER GLITTER FLOWER VOTIVE HOLDER,416.07,1395,51,40,8.158235294117647
23336,EGG FRYING PAN PINK ,415.97,199,63,46,6.602698412698413
22785,SQUARECUSHION COVER PINK UNION FLAG,415.3,62,25,23,16.612000000000002
20766,GARDEN PATH SKETCHBOOK,414.58,111,47,41,8.820851063829787
35241,ENAMEL BLUE RIM BISCUIT BIN,413.95,89,30,27,13.798333333333334
82616B,FRAPPUCINO SCARF KNITTING KIT,413.83,307,47,35,8.804893617021277
90209C,PINK ENAMEL+GLASS HAIR COMB,413.7,231,12,8,34.475
23459,DOLLY CABINET 2 DRAWERS ,412.5,33,19,19,21.710526315789473
21710,FOLDING UMBRELLA PINKWHITE POLKADOT,412.41,84,31,29,13.303548387096775
21063,PARTY INVITES JAZZ HEARTS,412.10999999999996,483,81,64,5.087777777777777
20839,FRENCH PAISLEY CUSHION COVER ,411.84,452,49,44,8.404897959183673
21739,COSY SLIPPER SHOES SMALL GREEN,411.54,141,48,38,8.57375
23023,RIDGED BONNE JAM JAR T-LIGHT HOLDER,411.44,260,23,23,17.88869565217391
21426,WOODLAND STORAGE BOX SMALL,411.30000000000007,213,17,15,24.194117647058828
22051,BLUE SCANDINAVIAN PAISLEY WRAP,409.5,975,39,36,10.5
20658,RED RETROSPOT LUGGAGE TAG,408.75,327,59,44,6.927966101694915
21358,TOAST ITS - HAPPY BIRTHDAY,408.75,327,59,54,6.927966101694915
20761,BLUE PAISLEY SKETCHBOOK,408.67,107,52,46,7.859038461538462
21219,SET/4 BADGES BALLOON GIRL,408.59,323,42,35,9.728333333333333
23422,PANTRY HOOK BALLOON WHISK ,407.68,196,31,29,13.150967741935483
84916,HAND TOWEL PALE BLUE W FLOWERS,407.4,212,18,17,22.633333333333333
84821,DANISH ROSE DELUXE COASTER,407.15,935,40,35,10.178749999999999
22268,EASTER DECORATION SITTING BUNNY,407.13,501,54,44,7.539444444444444
46775D,SUNSET COLOUR CHUNKY KNITTED THROW,406.8,24,13,12,31.292307692307695
22247,BUNNY DECORATION MAGIC GARDEN,406.39,483,56,54,7.256964285714285
20681,PINK POLKADOT CHILDRENS UMBRELLA,406.25,125,33,29,12.31060606060606
22390,PAPERWEIGHT CHILDHOOD MEMORIES,405.62,259,30,24,13.520666666666667
23415,HOME SWEET HOME HOOK,405.6,326,45,42,9.013333333333334
21817,GLITTER CHRISTMAS TREE,405.14,902,54,48,7.502592592592593
22513,DOORSTOP FOOTBALL DESIGN,404.98,134,51,37,7.940784313725491
90200D,PINK SWEETHEART BRACELET,404.5,98,24,21,16.854166666666668
21576,LETS GO SHOPPING COTTON TOTE BAG,403.67,177,46,40,8.775434782608697
21202,DOLLY HONEYCOMB GARLAND,403.20000000000005,448,20,20,20.160000000000004
84086C,PINK/PURPLE RETRO RADIO,401.20000000000005,136,19,13,21.115789473684213
22510,GINGHAM BABUSHKA DOORSTOP,400.87,209,41,34,9.777317073170732
84917,WHITE HAND TOWEL WITH BUTTERFLY,400.5,170,14,13,28.607142857142858
21374,MIRRORED WALL ART SKULLS,400.0,294,40,37,10.0
20840,FRENCH FLORAL CUSHION COVER ,399.28,464,43,35,9.285581395348837
85136A,YELLOW SHARK HELICOPTER,397.5,50,37,35,10.743243243243244
22422,TOOTHPASTE TUBE PEN,396.6,970,73,53,5.432876712328768
85127,SMALL SQUARE CUT GLASS CANDLESTICK,396.0,80,19,17,20.842105263157894
21629,SQUARE FLOOR CUSHION VINTAGE RED,395.45000000000005,51,25,13,15.818000000000001
22638,SET OF 4 NAPKIN CHARMS CROWNS ,394.42,255,38,37,10.379473684210527
84806B,WHITE CANDYSTUFT ARTIFICIAL FLOWER,394.15999999999997,296,19,18,20.745263157894737
22048,BIRTHDAY BANQUET GIFT WRAP,393.5,975,32,32,12.296875
84849B,FAIRY SOAP SOAP HOLDER,392.08,232,57,41,6.87859649122807
22545,MINI JIGSAW BUNNIES,390.69,1088,47,40,8.312553191489362
21828,EIGHT PIECE SNAKE  SET,388.75,311,68,53,5.716911764705882
84520B,PACK 20 ENGLISH ROSE PAPER NAPKINS,388.69,481,54,51,7.197962962962963
84360,TABLE LAMP WHITE SHADE WOOD BASE,388.3,74,17,9,22.841176470588238
84974,S/2 ZINC HEART DESIGN PLANTERS,388.04999999999995,39,28,26,13.858928571428569
23537,WALL ART I LOVE LONDON ,387.3,86,19,18,20.38421052631579
23103,BELL HEART DECORATION,387.0,252,9,9,43.0
84826,ASSTD DESIGN 3D PAPER STICKERS,386.83,1159,30,28,12.894333333333332
21741,COSY SLIPPER SHOES LARGE GREEN,386.45000000000005,131,28,27,13.801785714285716
84912A,PINK ROSE WASHBAG,386.25,103,38,25,10.164473684210526
82616C,MIDNIGHT GLAMOUR SCARF KNITTING KIT,385.52,277,52,40,7.413846153846153
85088,CANDY SPOT HAND BAG,385.27000000000004,188,20,18,19.2635
22337,ANGEL DECORATION PAINTED ZINC ,383.95,635,26,24,14.767307692307693
20803,SMALL PINK GLASS SUNDAE DISH,383.90999999999997,911,31,26,12.384193548387096
18007,ESSENTIAL BALM 3.5g TIN IN ENVELOPE,383.76,5856,17,15,22.574117647058824
47421,ASSORTED COLOUR LIZARD SUCTION HOOK,382.92,970,54,16,7.091111111111111
47585A,PINK FAIRY CAKE CUSHION COVER,382.5,102,27,23,14.166666666666666
20762,GREEN FERN SKETCHBOOK ,382.46,101,51,42,7.49921568627451
22785,SQUARECUSHION COVER PINK UNION JACK,382.14,150,29,27,13.177241379310344
85180B,PINK HEARTS LIGHT CHAIN ,381.0,196,21,19,18.142857142857142
21373,MIRRORED WALL ART SNOWFLAKES,380.25,507,45,41,8.45
16045,POPART WOODEN PENCILS ASST,380.0,8900,68,61,5.588235294117647
21015,DARK BIRD HOUSE TREE DECORATION,377.33,1249,66,59,5.717121212121212
84687,BEACH HUT SHELF W 3 DRAWERS,376.5,70,20,16,18.825
85078,SCANDINAVIAN 3 HEARTS NAPKIN RING,376.5,1746,65,46,5.792307692307692
22250,DECORATION  BUTTERFLY  MAGIC GARDEN,375.78999999999996,447,57,57,6.592807017543859
23457,LARGE PARLOUR PICTURE FRAME,375.75,77,27,25,13.916666666666666
21415,CLAM SHELL SMALL ,375.73,202,30,25,12.524333333333335
22286,DECORATION WOBBLY RABBIT METAL ,375.57,753,45,35,8.346
22287,"DECORATION , WOBBLY CHICKEN, METAL ",374.55,227,28,27,13.376785714285715
35809A,ENAMEL PINK TEA CONTAINER,374.11,388,40,37,9.35275
23128,DOLLCRAFT BOY JEAN-PAUL ,373.9,82,12,12,31.15833333333333
85135B,BLUE DRAGONFLY HELICOPTER,373.65000000000003,47,34,28,10.989705882352942
20716,PARTY FOOD SHOPPER BAG,373.5,314,34,31,10.985294117647058
22344,PARTY PIZZA DISH PINK POLKADOT,372.74,1046,46,34,8.10304347826087
21581,SKULLS  DESIGN  COTTON TOTE BAG,371.25,165,40,33,9.28125
23039,T-LIGHT HOLDER SILVER HEART HANDLE,370.79999999999995,192,22,22,16.854545454545452
21318,GLASS CHALICE BLUE SMALL ,369.0,678,40,38,9.225
21562,HAWAIIAN GRASS SKIRT ,368.35,319,25,20,14.734000000000002
21641,ASSORTED TUTTI FRUTTI KEYRING BALL,367.97999999999996,1102,23,19,15.999130434782607
84600,NEW BAROQUE JEWELLERY BOX ,367.6,48,20,16,18.380000000000003
21635,MADRAS NOTEBOOK LARGE ,367.5,270,15,15,24.5
20765,CHRYSANTHEMUM SKETCHBOOK ,367.34,94,51,45,7.202745098039215
16011,ANIMAL STICKERS,367.29,1749,46,38,7.984565217391305
22517,CHILDS GARDEN RAKE PINK,366.9,179,54,48,6.794444444444444
21808,"CHRISTMAS GARLAND STARS,TREES",366.25,99,21,21,17.44047619047619
85170C,SET/6 EAU DE NIL BIRD T-LIGHTS,366.23,252,29,26,12.628620689655174
22201,FRYING PAN BLUE POLKADOT,366.0,108,40,29,9.15
21846,PINK DIAMANTE PEN IN GIFT BOX,365.62,72,24,12,15.234166666666667
47574A,ENGLISH ROSE SCENTED HANGING FLOWER,365.5,422,50,36,7.31
72799F,IVORY PILLAR CANDLE GOLD FLOCK,365.05,127,21,19,17.383333333333333
72598,SET/12 TAPER CANDLES,364.95,459,41,38,8.901219512195121
21194,PINK  HONEYCOMB PAPER FAN,364.6,436,41,37,8.892682926829268
35637A,IVORY STRING CURTAIN WITH POLE ,363.7,166,24,23,15.154166666666667
17012D,ORIGAMI ROSE INCENSE/CANDLE SET ,362.95,385,44,35,8.248863636363636
21356,TOAST ITS - FAIRY FLOWER,361.9,303,53,37,6.8283018867924525
16008,SMALL FOLDING SCISSOR(POINTED EDGE),360.71,2892,70,54,5.153
22532,MAGIC DRAWING SLATE LEAP FROG ,360.06,1063,66,54,5.455454545454545
21365,MIRRORED WALL ART STARS,360.0,348,42,35,8.571428571428571
84632,DECORATIVE HANGING SHELVING UNIT,359.70000000000005,6,5,5,71.94000000000001
23429,RED RETRO KITCHEN WALL CLOCK,358.6,44,20,19,17.93
21285,RETROSPOT CANDLE  MEDIUM,357.62,350,33,26,10.836969696969698
22308,TEA COSY BLUE STRIPE,356.89,145,36,27,9.913611111111111
22230,JIGSAW TREE WITH WATERING CAN,356.16999999999996,925,63,50,5.653492063492063
21348,PINK SPOTS CHOCOLATE NESTING BOXES ,355.65000000000003,139,5,5,71.13000000000001
85169C,EAU DE NIL LOVE BIRD CANDLE,353.72,336,21,14,16.843809523809526
22260,FELT EGG COSY BLUE RABBIT ,351.62,410,47,37,7.4812765957446805
23337,EGG FRYING PAN MINT ,351.52000000000004,169,60,49,5.858666666666667
21061,PARTY INVITES FOOTBALL,350.2,412,52,49,6.734615384615385
85163A,WHITE BAROQUE WALL CLOCK ,349.95,45,18,15,19.441666666666666
85232A,SET/3 POLKADOT STACKING TINS,349.5,74,25,22,13.98
22405,MONEY BOX POCKET MONEY DESIGN,348.69,345,54,46,6.457222222222222
20998,ROSE DU SUD OVEN GLOVE,348.25000000000006,119,28,27,12.437500000000002
22516,CHILDS GARDEN RAKE BLUE,348.0,170,41,35,8.487804878048781
23057,GEMSTONE CHANDELIER T-LIGHT HOLDER,347.7,78,7,7,49.67142857142857
23576,SNACK TRAY RED VINTAGE DOILY,346.34999999999997,185,29,28,11.943103448275862
23150,IVORY SWEETHEART SOAP DISH,346.11,139,40,33,8.652750000000001
21088,SET/6 FRUIT SALAD PAPER CUPS,345.42,1576,74,67,4.667837837837838
21421,PORCELAIN ROSE LARGE ,345.14,298,13,11,26.549230769230768
21689,SILVER VANILLA  FLOWER CANDLE POT,345.0,92,23,22,15.0
21664,RIDGED GLASS STORAGE JAR CREAM LID,342.72,96,17,15,20.16
21579,LOLITA  DESIGN  COTTON TOTE BAG,342.0,152,32,30,10.6875
17012C,ORIGAMI LAVENDER INCENSE/CANDL SET ,341.8,362,43,37,7.948837209302326
22640,SET OF 4 NAPKIN CHARMS 3 KEYS ,341.67,185,41,33,8.333414634146342
84766,SILVER ROCOCO CANDLE STICK,340.7,146,14,11,24.335714285714285
22813,PACK 3 BOXES BIRD PANETTONE ,340.33,177,14,11,24.309285714285714
23044,PAPER LANTERN 9 POINT HOLLY STAR S,340.3,82,19,19,17.910526315789475
84031B,CHARLIE LOLA BLUE HOT WATER BOTTLE ,338.09,93,37,29,9.137567567567567
84569D,PACK 6 HEART/ICE-CREAM PATCHES,337.42,268,34,32,9.924117647058823
22406,MONEY BOX KINGS CHOICE DESIGN,336.89,319,64,49,5.26390625
23661,MILK MAIDS MUG ,336.6,204,23,23,14.634782608695653
23127,DOLLCRAFT GIRL NICOLE,336.6,68,12,12,28.05
90149,SILVER FLOWR PINK SHELL NECKLACE,335.28000000000003,52,3,2,111.76
22229,BUNNY WOODEN PAINTED WITH FLOWER ,334.27,495,62,54,5.391451612903226
84931B,BLUE SCOTTIE DOG W FLOWER PATTERN,334.05,131,25,21,13.362
85163B,BLACK BAROQUE WALL CLOCK ,333.6,44,14,10,23.82857142857143
21129,SILVER FISHING GNOME ,332.3,45,20,13,16.615000000000002
22265,EASTER DECORATION NATURAL CHICK,331.5,510,48,42,6.90625
22322,BIRD DECORATION GREEN POLKADOT,331.5,390,37,30,8.95945945945946
23484,HEART TRELLIS TRIPLE T-LIGHT HOLDER,331.42,118,20,20,16.571
22643,SET OF 4 NAPKIN CHARMS LEAVES   ,331.29,183,30,29,11.043000000000001
23420,PANTRY HOOK TEA STRAINER ,330.72,159,28,26,11.811428571428573
21867,PINK UNION JACK  LUGGAGE TAG,330.02,261,75,56,4.400266666666666
84616,SILVER ROCCOCO CHANDELIER,329.45,11,6,6,54.90833333333333
17012F,ORIGAMI SANDLEWOOD INCENSE/CAND SET,329.05,365,42,33,7.83452380952381
22529,MAGIC DRAWING SLATE GO TO THE FAIR ,328.92,814,61,52,5.392131147540984
23236,DOILEY BISCUIT TIN,327.59999999999997,120,13,13,25.199999999999996
16259,PIECE OF CAMO STATIONERY SET,326.56,3380,31,28,10.534193548387098
85230B,CINNAMON SCENTED VOTIVE CANDLE,326.23999999999995,1264,38,30,8.585263157894735
84913B,MINT GREEN ROSE TOWEL,325.5,70,20,19,16.275
23521,WALL ART CAT AND BIRD ,324.98,118,18,18,18.054444444444446
84663A,GRASS HOPPER WOODEN WALL CLOCK ,324.04,260,25,21,12.9616
23521,CAT AND BIRD WALL ART,323.64,270,4,3,80.91
84926E,FLOWERS TILE COASTER,322.88,966,37,32,8.726486486486486
21197,MULTICOLOUR  CONFETTI IN TUBE,322.71,243,13,13,24.82384615384615
22256,FELT FARM ANIMAL CHICKEN,321.25,257,33,32,9.734848484848484
22248,DECORATION  PINK CHICK MAGIC GARDEN,320.53999999999996,382,44,43,7.284999999999999
23205,CHARLOTTE BAG ALPHABET  DESIGN,320.5,400,22,22,14.568181818181818
21884,CAKES AND BOWS GIFT  TAPE,318.81,1017,44,43,7.245681818181819
84951B,SET OF 4 BLACK LOVEBIRD COASTERS,318.44,334,31,24,10.272258064516128
21243,PINK POLKADOT PLATE ,318.34,202,18,18,17.685555555555553
23523,WALL ART TREASURE AHOY ,317.97,87,22,21,14.45318181818182
22345,PARTY PIZZA DISH BLUE POLKADOT,317.90999999999997,969,41,29,7.753902439024389
20768,GREEN FERN JOURNAL ,317.71,130,36,31,8.825277777777778
23116,VEGETABLE GARDEN CHOPPING BOARD,317.70000000000005,70,17,17,18.68823529411765
21724,PANDA AND BUNNIES STICKER SHEET,316.2,372,57,43,5.5473684210526315
23421,PANTRY HOOK SPATULA,316.16,152,26,24,12.16
21881,CUTE CATS TAPE,315.55,975,45,37,7.012222222222222
23037,CANDLE HOLDER SILVER MADELINE,315.29,193,18,17,17.516111111111112
84659A,WHITE TRAVEL ALARM CLOCK,314.31,134,22,19,14.286818181818182
84951A,SET OF 4 PISTACHIO LOVEBIRD COASTER,314.27,362,33,26,9.523333333333333
21263,GREEN GOOSE FEATHER TREE 60CM,313.95,161,36,32,8.720833333333333
21775,DECORATIVE FLORE BATHROOM BOTTLE,313.91,283,41,34,7.656341463414635
85071C,"CHARLIE+LOLA""EXTREMELY BUSY"" SIGN",313.78,607,72,62,4.358055555555556
23130,MISELTOE HEART WREATH ,312.8,80,5,5,62.56
22162,HEART GARLAND RUSTIC PADDED,312.7,106,27,21,11.58148148148148
23339,EGG FRYING PAN BLUE ,312.0,150,58,43,5.379310344827586
21723,ALPHABET HEARTS STICKER SHEET,311.95,367,38,29,8.20921052631579
21284,RETROSPOT CANDLE  SMALL,311.84000000000003,384,25,24,12.473600000000001
22092,BLUE PAISLEY TISSUE BOX,311.56,666,88,75,3.5404545454545455
90200E,GREEN SWEETHEART BRACELET,311.0,76,18,15,17.27777777777778
16219,HOUSE SHAPE PENCIL SHARPENER,309.9,2915,47,41,6.593617021276596
21320,GLASS CHALICE GREEN  LARGE ,309.66,186,11,10,28.150909090909092
22346,PARTY PIZZA DISH GREEN POLKADOT,309.12,882,32,23,9.66
84658,WHITE STITCHED CUSHION COVER,308.48,44,16,14,19.28
23478,WOODLAND LARGE PINK FELT HEART,307.18,278,10,9,30.718
21841,BABY MOUSE RED GINGHAM DRESS,306.0,72,20,19,15.3
23575,SNACK TRAY PAISLEY PARK,305.4,164,22,22,13.881818181818181
22040,BOTANICAL ROSE GIFT WRAP,304.5,725,28,27,10.875
23131,MISELTOE HEART WREATH WHITE,304.5,78,4,4,76.125
22965,3 TRADITIONAL COOKIE CUTTERS  SET,304.20000000000005,162,4,4,76.05000000000001
22100,SKULLS SQUARE TISSUE BOX,304.17,727,38,34,8.004473684210527
21060,PARTY INVITES BALLOON GIRL,302.59999999999997,356,53,47,5.70943396226415
22204,MILK PAN BLUE POLKADOT,302.5,96,30,23,10.083333333333334
21879,HEARTS GIFT TAPE,301.93,1025,57,52,5.297017543859649
23396,LA JARDIN BOTANIQUE CUSHION COVER,300.0,80,23,23,13.043478260869565
21220,SET/4 BADGES DOGS,299.56,229,41,34,7.306341463414634
21761,WOOD AND GLASS MEDICINE CABINET,299.5,10,10,10,29.95
23440,PAINT YOUR OWN EGGS IN CRATE,299.36,164,5,5,59.872
23466,TUSCAN VILLA DOVECOTE BIRD FEEDER,299.25,37,17,17,17.602941176470587
85213,MINI  ZINC GARDEN DECORATIONS ,297.89,809,24,23,12.412083333333333
85208,SET/12 FUNKY FELT FLOWER PEG IN BAG,296.64000000000004,160,24,22,12.360000000000001
85205B,PINK FELT EASTER RABBIT GARLAND,295.8,116,24,22,12.325000000000001
23126,DOLLCRAFT GIRL AMELIE KIT,294.7,66,8,8,36.8375
20934,SET/3 POT PLANT CANDLES,294.3,54,20,20,14.715
35095A,BLUE VICTORIAN FABRIC OVAL BOX,293.82,811,34,29,8.641764705882352
17129F,BLUE GLASS GEMS IN BAG,291.25,427,19,11,15.328947368421053
21131,GOLD STANDING GNOME,290.25,93,17,11,17.073529411764707
22598,CHRISTMAS MUSICAL ZINC TREE,290.16999999999996,811,51,42,5.689607843137254
23410,CURIO CABINET LINEN AND LACE ,290.1,36,18,16,16.116666666666667
20725,LUNCH BAG RED SPOTTY,290.0,200,1,1,290.0
16015,MEDIUM CHINESE STYLE SCISSOR,289.98,662,24,19,12.082500000000001
85024B,EAU DE NILE JEWELLED PHOTOFRAME,289.65000000000003,193,12,12,24.137500000000003
22486,PLASMATRONIC LAMP,288.94,52,10,9,28.894
21503,TOYBOX  WRAP ,288.92,726,23,22,12.561739130434784
84358,FLOOR LAMP SHADE WOOD BASE,287.74,32,12,6,23.978333333333335
23047,PAPER LANTERN 5 POINT SEQUIN STAR,287.5,50,21,21,13.69047619047619
23695,DOILY THANK YOU CARD,286.62,703,44,41,6.51409090909091
23430,BLUE RETRO KITCHEN WALL CLOCK,285.25,35,17,16,16.779411764705884
90160C,TURQ+RED BOUDICCA LARGE BRACELET,284.95000000000005,41,16,14,17.809375000000003
90200B,BLACK SWEETHEART BRACELET,284.75,67,24,18,11.864583333333334
21128,GOLD FISHING GNOME,284.16,47,16,12,17.76
35912B,WHITE/PINK CHICK DECORATION,283.89,249,18,15,15.771666666666667
37413,ICON MUG REVOLUTIONARY,283.71,701,79,52,3.59126582278481
22043,CHRISTMAS CARD SCREEN PRINT ,283.32,1188,43,40,6.5888372093023255
20838,FRENCH LATTICE CUSHION COVER ,282.94,330,33,30,8.573939393939394
84915,HAND TOWEL PINK FLOWER AND DAISY,281.95,199,11,8,25.63181818181818
84924A,WAKE UP COCKEREL CALENDAR SIGN ,281.13,72,24,21,11.71375
22547,MINI JIGSAW DINOSAUR ,279.51,738,50,41,5.590199999999999
21286,RETROSPOT CANDLE  LARGE,279.37,255,18,17,15.520555555555555
71101E,STANDING FAIRY POLE SUPPORT ,278.5,346,22,17,12.659090909090908
85136C,RED SHARK HELICOPTER,278.25,35,25,20,11.13
35095B,RED VICTORIAN FABRIC OVAL BOX,277.44,772,41,36,6.766829268292683
16169M,WRAP DAISY CARPET ,277.2,660,25,24,11.088
72122,COFFEE SCENT PILLAR CANDLE,276.45,291,44,38,6.282954545454545
23579,SNACK TRAY I LOVE LONDON,276.15,149,24,22,11.50625
21371,MIRRORED WALL ART POPPIES,274.65,275,32,27,8.5828125
20936,FORKED CACTUS CANDLE,272.98,92,26,21,10.49923076923077
20831,GOLD PHOTO FRAME,272.34000000000003,169,24,19,11.347500000000002
21189,WHITE HONEYCOMB PAPER GARLAND ,272.25,165,29,27,9.387931034482758
21850,BLUE  DIAMANTE PEN IN GIFT BOX,271.8,60,21,12,12.942857142857143
21248,DOOR HANGER  MUM + DADS ROOM,271.15,187,52,45,5.214423076923077
82613D,METAL SIGN CUPCAKE SINGLE HOOK,270.85,469,50,43,5.417000000000001
22049,WRAP CHRISTMAS SCREEN PRINT,270.5,1000,31,26,8.725806451612904
35001W,HAND OPEN SHAPE DECO.WHITE,270.02,92,5,5,54.004
22409,MONEY BOX BISCUITS DESIGN,270.0,216,45,36,6.0
21811,CHRISTMAS HANGING HEART WITH BELL,270.0,216,17,16,15.882352941176471
84509C,SET OF 4 POLKADOT PLACEMATS ,269.55,77,23,20,11.719565217391304
21454,PAINTED PINK RABBIT ,269.45,317,43,41,6.2662790697674415
21644,ASSORTED TUTTI FRUTTI HEART BOX,268.75,215,32,29,8.3984375
23203,JUMBO BAG VINTAGE DOILEY ,268.44,143,6,6,44.74
17107D,"FLOWER FAIRY,5 SUMMER B'DRAW LINERS",267.75,105,25,24,10.71
82613B,"METAL SIGN,CUPCAKE SINGLE HOOK",267.6,400,45,39,5.946666666666667
21445,12 PINK ROSE PEG PLACE SETTINGS,267.5,214,21,17,12.738095238095237
85230E,STRAWBRY SCENTED VOTIVE CANDLE,267.45,1101,24,17,11.143749999999999
21785,RAIN PONCHO ,267.1,410,4,3,66.775
84926D,LA PALMIERA TILE COASTER,266.64,705,31,25,8.601290322580645
16236,KITTY PENCIL ERASERS,266.56,1296,73,59,3.6515068493150684
84920,PINK FLOWER FABRIC PONY,266.25,71,26,22,10.240384615384615
23481,PEARLISED IVORY HEART SMALL ,266.21,217,27,23,9.859629629629628
23489,"GARLAND, VINTAGE BELLS",265.88,92,10,10,26.588
72800B, 4 PURPLE FLOCK DINNER CANDLES,265.65999999999997,138,36,31,7.379444444444443
16238,PARTY TIME PENCIL ERASERS,265.09,1259,78,61,3.3985897435897434
21167,WHITE SAGE INCENSE,264.6,1260,25,20,10.584000000000001
85019C,CURIOUS  IMAGES NOTEBOOK SET,262.25,181,10,9,26.225
21221,SET/4 BADGES CUTE CREATURES,262.14,201,24,24,10.9225
72586,SET OF 6 HALLOWEEN GHOST T-LIGHTS,262.08,624,37,36,7.083243243243243
84598,BOYS ALPHABET IRON ON PATCHES,262.08,1248,5,5,52.416
84849A,HELLO SAILOR BLUE SOAP HOLDER,261.95,155,31,25,8.45
23194,GYMKHANNA TREASURE BOOK BOX,261.84000000000003,120,14,14,18.702857142857145
79337,BLUE FLOCK GLASS CANDLEHOLDER,259.96,644,10,9,25.996
21403,BLUE EGG  SPOON,258.71999999999997,1718,71,58,3.6439436619718304
23032,DOORKNOB CRACKED GLAZE IVORY,258.3,174,5,5,51.660000000000004
17013D,ORIGAMI ROSE INCENSE IN TUBE,257.88,532,11,10,23.44363636363636
22268,DECORATION SITTING BUNNY,257.60999999999996,1335,41,32,6.283170731707316
22765,NEWSPAPER STAND,257.37,25,3,3,85.79
85230G,ORANGE VOTIVE CANDLE,257.03999999999996,1032,25,20,10.2816
21250,SET OF SKULL WALL STICKERS,257.0,92,17,15,15.117647058823529
84708B,PINK JEWELLED PHOTO FRAME ,256.75,53,14,13,18.339285714285715
85188A,GREEN METAL SWINGING BUNNY,256.7,302,34,29,7.55
20770,ABSTRACT CIRCLE JOURNAL ,256.65,107,28,24,9.166071428571428
71270,PHOTO CLIP LINE,256.21,204,31,16,8.264838709677418
16012,FOOD/DRINK SPONGE STICKERS,256.2,1220,35,33,7.319999999999999
22287,DECORATION WOBBLY CHICKEN,256.11,521,29,25,8.831379310344827
21719,LOVELY BONBON STICKER SHEET,255.85,301,34,29,7.5249999999999995
90062,CARNIVAL BRACELET,255.0,20,6,6,42.5
23137,ZINC WIRE SWEETHEART LETTER TRAY,253.24,80,20,18,12.662
16218,CARTOON  PENCIL SHARPENERS,253.2,3760,50,43,5.064
21386,IVORY HANGING DECORATION  EGG,253.01,689,46,42,5.500217391304347
20854,BLUE PATCH PURSE PINK HEART,252.79999999999998,164,17,16,14.870588235294116
84596E,SMALL LICORICE DES PINK BOWL,252.63,391,35,33,7.218
22134,MINI LADLE LOVE HEART RED ,252.24,630,54,28,4.671111111111111
84341B,SMALL PINK MAGIC CHRISTMAS TREE,252.23,618,33,30,7.643333333333333
21222,SET/4 BADGES BEETLES,252.18,194,35,26,7.2051428571428575
84876B,GREEN HEART COMPACT MIRROR,251.25,201,20,17,12.5625
21849,SILVER DIAMANTE PEN IN GIFT BOX,250.84,50,22,16,11.401818181818182
20684,STRAWBERRY DREAM CHILDS UMBRELLA,250.25,77,32,30,7.8203125
84858C,PINK RIVIERA HANDBAG,250.05,185,5,4,50.010000000000005
47563A,RETRO LONGBOARD IRONING BOARD COVER,250.0,198,45,31,5.555555555555555
21666,RIDGED GLASS T-LIGHT HOLDER,249.60000000000002,384,33,21,7.563636363636364
21265,PINK GOOSE FEATHER TREE 60CM,249.59999999999997,128,16,15,15.599999999999998
22703,PINK CAT BOWL,249.42,168,40,30,6.2355
85204,HANGING WOOD AND FELT FLOWER,248.88,1871,42,40,5.925714285714285
84859A,SILVER DISCO HANDBAG,248.20999999999998,123,30,24,8.273666666666665
23476,WOODLAND LARGE RED FELT HEART,247.5,198,18,18,13.75
23015,CORDIAL GLASS JUG,247.5,30,13,13,19.03846153846154
84952B,BLACK LOVE BIRD T-LIGHT HOLDER,247.46,145,13,10,19.035384615384615
20755,BLUE PAISLEY POCKET BOOK,247.35,291,50,44,4.947
23168,CLASSIC SUGAR DISPENSER,247.32,216,12,12,20.61
21067,VINTAGE RED TEATIME MUG,246.88,201,41,30,6.021463414634146
22214,CANDLE PLATE LACE WHITE,246.70000000000002,114,21,18,11.747619047619049
22108,PING! MICROWAVE PLATE,246.53,101,28,16,8.804642857142857
23474,WOODLAND SMALL BLUE FELT HEART,246.51000000000002,297,27,26,9.13
78124,MAGAZINE RACK GEBRA ASSORTED ,246.5,190,17,16,14.5
35964,FOLKART CLIP ON STARS,245.60999999999999,621,37,34,6.638108108108108
21190,PINK HEARTS PAPER GARLAND,245.20000000000002,168,7,6,35.02857142857143
79190B,RETRO PLASTIC POLKA TRAY,245.1,655,35,24,7.002857142857143
17012A,ORIGAMI VANILLA INCENSE/CANDLE SET ,244.9,270,24,21,10.204166666666667
35954,SMALL FOLKART STAR CHRISTMAS DEC,244.23,1076,32,30,7.6321875
20669,RED HEART LUGGAGE TAG,243.75,195,42,36,5.803571428571429
23149,ANTIQUE IVORY WIRE BOWL SMALL,241.53,97,19,17,12.712105263157895
22259,FELT FARM ANIMAL HEN,240.96,384,16,16,15.06
85129D,BEADED CRYSTAL HEART PINK SMALL,240.13,165,34,16,7.062647058823529
23495,SET OF 3 PANTRY WOODEN SPOONS,240.0,192,24,21,10.0
84569A,PACK 3 IRON ON DOG PATCHES,239.96,191,26,26,9.22923076923077
22052,VINTAGE CARAVAN GIFT WRAP,239.82,571,23,22,10.42695652173913
23324,RUSTIC STRAWBERRY JAMPOT LARGE ,238.56,120,6,6,39.76
23028,DOORKNOB CRACKED GLAZE BLUE,238.5,162,3,3,79.5
21269,ANTIQUE CREAM CUTLERY SHELF ,238.0,28,18,17,13.222222222222221
85203,HANGING WOOD AND FELT BUTTERFLY ,237.54,569,49,45,4.847755102040816
22069,BROWN  PIRATE TREASURE CHEST ,237.48,218,37,26,6.418378378378378
21632,VINTAGE PINK DECORATIVE PARASOL,237.00000000000003,60,5,5,47.400000000000006
85169D,PINK LOVE BIRD CANDLE,236.48000000000002,232,22,20,10.74909090909091
72131,COLUMBIAN CANDLE RECTANGLE,236.39999999999998,136,18,14,13.133333333333333
47351B,BLUE  VOILE LAMPSHADE,234.50000000000003,86,9,7,26.055555555555557
82613C,"METAL SIGN,CUPCAKE SINGLE HOOK",234.2,360,37,33,6.3297297297297295
23567,EGG CUP HENRIETTA HEN PINK,233.75,187,18,15,12.98611111111111
20615,BLUE POLKADOT PASSPORT COVER,233.34,231,35,28,6.666857142857143
22129,PARTY CONES CANDY DECORATION,233.27999999999997,296,8,6,29.159999999999997
21725,SWEETIES  STICKERS,232.89999999999998,274,32,26,7.278124999999999
85023B,EAU DE NILE JEWELLED PHOTOFRAME,232.8,104,12,10,19.400000000000002
90058B,CRYSTAL STUD EARRINGS ASSORTED COL ,232.56,612,15,15,15.504
23475,WOODLAND SMALL PINK FELT HEART,232.4,280,26,25,8.938461538461539
22512,DOORSTOP RACING CAR DESIGN,232.25,117,32,28,7.2578125
84559A,3D SHEET OF DOG STICKERS,231.98,272,42,34,5.523333333333333
23447,PINK BUNNY EASTER EGG BASKET,231.9,158,4,4,57.975
20867,PINK ROSE FABRIC MIRROR,231.47,187,25,23,9.2588
20856,DENIM PATCH PURSE PINK BUTTERFLY,231.0,140,27,26,8.555555555555555
21973,SET OF 36 MUSHROOM PAPER DOILIES,230.54999999999998,159,30,25,7.685
47021G,SET/6 BEAD COASTERS GAUZE BAG GOLD,230.39999999999998,518,15,12,15.359999999999998
21455,PAINTED YELLOW WOODEN DAISY,230.35,271,32,32,7.1984375
20897,VINTAGE NOTEBOOK PARIS DAYS,230.35,85,8,8,28.79375
23446,BLUE BUNNY EASTER EGG BASKET,230.25,157,3,3,76.75
72800C,4 PINK DINNER CANDLE SILVER FLOCK,229.96,124,30,26,7.665333333333334
21442,GREEN BIRDHOUSE DECORATION,229.45999999999998,386,36,31,6.373888888888889
21051,RIBBONS PURSE ,228.83,108,24,23,9.534583333333334
85200,BUNNY EGG BOX,228.75,183,26,24,8.798076923076923
23036,T-LIGHT HOLDER SILVER PETIT FOUR ,227.5,182,15,14,15.166666666666666
85093,CANDY SPOT EGG WARMER HARE,227.48999999999998,451,20,20,11.3745
16216,LETTER SHAPE PENCIL SHARPENER,227.14,3316,41,38,5.54
84678,CLASSICAL ROSE SMALL VASE,227.1,138,10,10,22.71
23522,WALL ART DOG AND BALL ,226.29,89,17,17,13.311176470588235
22641,SET OF 4 NAPKIN CHARMS INSTRUMENT,225.92,112,24,23,9.413333333333332
23003,TRAVEL CARD WALLET VINTAGE ROSE ,225.78,541,52,38,4.341923076923077
84661B,BLACK SQUARE TABLE CLOCK,225.49,95,12,10,18.790833333333335
22632,HAND WARMER RED POLKA DOT,225.0,120,18,2,12.5
84952C,MIRROR LOVE BIRD T-LIGHT HOLDER,225.0,140,9,7,25.0
22447,PIN CUSHION BABUSHKA BLUE,223.95000000000002,75,16,16,13.996875000000001
22280,POCKET BAG PINK PAISELY BROWN SPOT,223.63,176,30,26,7.4543333333333335
21441,BLUE BIRDHOUSE DECORATION,223.29999999999998,376,38,34,5.876315789473684
85040B,SET/4 BLUE FLOWER CANDLES IN BOWL,222.75,135,34,28,6.551470588235294
90161C,ANT COPPER LIME BOUDICCA BRACELET,222.75,45,15,13,14.85
90161B,ANT COPPER TURQ BOUDICCA BRACELET,222.75,45,12,10,18.5625
21818,GLITTER CHRISTMAS HEART ,222.7,262,18,17,12.372222222222222
21647,ASSORTED TUTTI FRUTTI LARGE PURSE,222.60000000000002,106,24,21,9.275
90160D,PINK BOUDICCA LARGE BRACELET,222.4,32,9,9,24.711111111111112
84218,BOX/12 CHICK & EGG IN BASKET,222.3,122,40,37,5.5575
85161,ACRYLIC GEOMETRIC LAMP,221.4,12,9,8,24.6
84422,PINK/BLUE DISC/MIRROR STRING,220.40999999999997,551,8,8,27.551249999999996
72800D,4 BLUE DINNER CANDLES SILVER FLOCK,216.75,85,29,20,7.474137931034483
23360,SET 8 CANDLES VINTAGE DOILEY,216.29999999999998,122,7,7,30.9
37482P,CUBIC MUG PINK POLKADOT,216.26999999999998,477,34,30,6.360882352941176
20782,CAMOUFLAGE EAR MUFF HEADPHONES,215.87,39,17,12,12.698235294117648
90160A,PURPLE BOUDICCA LARGE BRACELET,215.45,31,11,10,19.586363636363636
23141,TRIPLE WIRE HOOK PINK HEART,215.0,68,18,18,11.944444444444445
23580,SNACK TRAY HAPPY FOREST  ,214.5,110,21,20,10.214285714285714
85124C,GREEN JUICY FRUIT PHOTO FRAME,214.2,84,31,23,6.909677419354838
21293,MIRRORED DOVE WALL DECORATION,214.13,101,18,14,11.89611111111111
20794,BLUE  TILE HOOK,213.14999999999998,85,15,15,14.209999999999999
22410,MONEY BOX HOUSEKEEPING DESIGN,212.88,223,46,34,4.627826086956522
17084N,FAIRY DREAMS INCENSE ,212.75,1025,32,25,6.6484375
21547,CERAMIC BIRDHOUSE CRESTED TIT SMALL,212.40000000000003,72,16,13,13.275000000000002
84051,ASS COLOUR GLOWING TIARAS,211.95,279,24,24,8.831249999999999
84584,PINK GINGHAM CAT WITH SCARF,211.65,83,18,18,11.758333333333333
47310M,SMALL POP BOX FUNKY MONKEY,210.48,172,34,20,6.1905882352941175
75178,ASSTD COL BUTTERFLY/CRYSTAL W/CHIME,210.19,455,9,6,23.354444444444443
22896,PEG BAG APPLE DESIGN,210.0,100,1,1,210.0
84563B,BLUE & WHITE BREAKFAST TRAY,209.55,69,21,18,9.97857142857143
22164,STRING OF STARS CARD HOLDER,209.45000000000005,71,12,11,17.45416666666667
85124B,BLUE JUICY FRUIT PHOTO FRAME,209.1,82,29,23,7.210344827586207
84931A,PINK SCOTTIE DOG W FLOWER PATTERN,209.1,82,22,20,9.504545454545454
90147,CHUNKY SILVER NECKLACE PASTEL FLOWE,208.95,21,12,10,17.412499999999998
23413,DECORATIVE VINTAGE COFFEE  BOX,208.2,44,16,13,13.0125
72127,COLUMBIAN CANDLE ROUND ,208.1,168,29,25,7.175862068965517
84592,CROCHET ROSE PURSE WITH SUEDE BACK,206.50000000000003,70,17,15,12.147058823529413
20619,TROPICAL PASSPORT COVER ,206.23,142,22,16,9.374090909090908
85071D,CHARLIE+LOLA MY ROOM DOOR SIGN,205.98,362,64,58,3.2184375
84596J,MIXED NUTS LIGHT GREEN BOWL,205.28,469,27,21,7.602962962962963
47422,ASSORTED MONKEY SUCTION CUP HOOK,205.02,519,42,16,4.881428571428572
79051A,SMOKEY GREY COLOUR D.O.F. GLASS,204.79,587,26,23,7.876538461538461
21324,HANGING MEDINA LANTERN SMALL,203.55,69,20,20,10.1775
85230A,OPIUM SCENTED VOTIVE CANDLE,203.27999999999997,840,18,14,11.293333333333331
21580,RABBIT  DESIGN  COTTON TOTE BAG,202.5,90,24,21,8.4375
21758,VINTAGE SHELLS PRINT,202.4,32,14,13,14.457142857142857
84919,BLUE CUSHION COVER WITH FLOWER,201.55,29,9,9,22.394444444444446
21456,2 PICTURE BOOK EGGS EASTER CHICKS,201.25,161,19,17,10.592105263157896
21147,JINGLE BELLS TREE DECORATION,200.94,89,21,11,9.568571428571428
85186A,EASTER BUNNY GARLAND OF FLOWERS,200.34,477,37,35,5.414594594594595
22954,HEN PARTY CORDON BARRIER TAPE,200.0,160,28,20,7.142857142857143
22038,BOTANICAL LAVENDER GIFT WRAP ,199.5,475,19,19,10.5
71053,WHITE MOROCCAN METAL LANTERN,199.17,47,12,9,16.5975
84857C,PINK MONTE CARLO HANDBAG,198.35,95,8,8,24.79375
84926A,WAKE UP COCKEREL TILE COASTER,198.08999999999997,597,31,24,6.389999999999999
84563A,PINK & WHITE BREAKFAST TRAY,198.05,59,14,11,14.146428571428572
21458,2 PICTURE BOOK EGGS EASTER BUNNY,197.5,158,19,18,10.394736842105264
22044,CHRISTMAS CARD STACK OF PRESENTS,196.44,816,36,35,5.456666666666667
21726,MULTI HEARTS  STICKERS,196.35,231,36,29,5.454166666666667
85170B,SET/6 BLACK BIRD T-LIGHT CANDLES,195.9,179,23,13,8.517391304347827
20707,CRAZY DAISY HEART DECORATION,195.52,155,31,20,6.307096774193549
21657,MILK BOTTLE WITH GLASS STOPPER ,194.60000000000002,28,15,11,12.973333333333334
47367B,PAIR PADDED HANGERS PINK CHECK,194.55,57,11,11,17.686363636363637
22257,FELT FARM ANIMAL SHEEP,194.39,283,16,16,12.149375
21360,JOY LARGE WOOD LETTERS,194.15,37,14,14,13.867857142857144
35911A,MULTICOLOUR RABBIT EGG WARMER,194.14999999999998,205,25,23,7.765999999999999
20780,BLACK EAR MUFF HEADPHONES,192.86,36,17,13,11.344705882352942
21801,CHRISTMAS TREE DECORATION WITH BELL,191.94,457,22,22,8.724545454545455
21651,HANGING GLASS ETCHED TEALIGHT,191.85,125,10,9,19.185
85169B,BLACK LOVE BIRD CANDLE,191.49,201,25,17,7.6596
21000,ROSE DU SUD COSMETICS BAG,191.25,45,16,16,11.953125
21676,FLOWERS  STICKERS,191.04999999999998,211,32,21,5.9703124999999995
20652,BLUE POLKADOT LUGGAGE TAG ,191.01,147,33,26,5.788181818181818
22137,BATHROOM SET LOVE HEART DESIGN,191.00000000000003,68,11,9,17.363636363636367
22394,PAPERWEIGHT KINGS CHOICE ,190.79999999999998,160,16,16,11.924999999999999
21945,STRAWBERRIES  DESIGN FLANNEL ,190.79,225,29,27,6.578965517241379
20902,VINTAGE KEEPSAKE BOX PARIS DAYS,190.35,33,6,6,31.724999999999998
21882,SKULLS TAPE,189.98000000000002,598,38,35,4.9994736842105265
20763,DAISY SKETCHBOOK ,189.96,71,25,24,7.598400000000001
21815,STAR  T-LIGHT HOLDER ,189.95,131,18,15,10.552777777777777
21253,SET OF PICTURE FRAME  STICKERS,189.59000000000003,65,16,14,11.849375000000002
23229,DONKEY TAIL GAME ,189.54000000000002,54,4,4,47.385000000000005
90209B,GREEN ENAMEL+GLASS HAIR COMB,189.0,104,11,7,17.181818181818183
90201B,BLACK ENAMEL FLOWER RING,188.8,64,10,9,18.880000000000003
21161,KEEP OUT BOYS DOOR HANGER ,188.5,130,34,25,5.544117647058823
84804B,BLUE DELPHINIUM ARTIFICIAL FLOWER,188.37000000000003,99,6,6,31.395000000000007
85179A,GREEN BITTY LIGHT CHAIN,188.31,119,17,15,11.077058823529413
21425,SKULLS STORAGE BOX LARGE,188.05,67,16,12,11.753125
90184B,AMETHYST CHUNKY BEAD BRACELET W STR,187.95,21,11,11,17.086363636363636
21520,BOOZE & WOMEN GREETING CARD ,187.62,457,33,29,5.6854545454545455
84876D,BLUE HEART COMPACT MIRROR,187.5,124,12,12,15.625
16048,TEATIME ROUND PENCIL SHARPENER ,186.72,1436,47,41,3.9727659574468084
85045,GREEN CHRISTMAS TREE STRING 20LIGHT,186.15,41,10,9,18.615000000000002
22391,PAPERWEIGHT HOME SWEET HOME,186.06,146,18,18,10.336666666666666
84535A,ENGLISH ROSE NOTEBOOK A6 SIZE,185.1,398,20,19,9.254999999999999
23436,GIFT BAG LARGE VINTAGE CHRISTMAS,185.0,148,9,9,20.555555555555557
20819,SILVER TEDDY BEAR,183.71,48,16,14,11.481875
84559B,3D SHEET OF CAT STICKERS,183.6,216,43,36,4.269767441860465
22216,T-LIGHT HOLDER WHITE LACE,182.31,327,20,17,9.1155
35965,FOLKART HEART NAPKIN RINGS,181.87,181,28,22,6.495357142857143
20771,CHRYSANTHEMUM  JOURNAL,180.91,70,27,21,6.70037037037037
22541,MINI JIGSAW LEAP FROG,180.62,465,21,19,8.600952380952382
84804A,CREAM DELPHINIUM ARTIFICIAL FLOWER,180.58,70,8,8,22.5725
22157,ANGEL DECORATION WITH LACE PADDED,180.2,212,11,11,16.38181818181818
23697,A PRETTY THANK YOU CARD,179.64000000000001,438,26,26,6.90923076923077
78033,FLAG OF ST GEORGE CHAIR,179.35,37,7,6,25.62142857142857
84707B,PINK JEWELLED MIRROR TRINKET TRAY,178.56,29,13,13,13.735384615384616
84796A,PINK HAWAIIAN PICNIC HAMPER FOR 2,178.5,14,10,10,17.85
21270,ANTIQUE CREAM CUTLERY CUPBOARD,178.5,14,13,12,13.73076923076923
23126,DOLLCRAFT GIRL AMELIE,178.2,36,8,8,22.275
84926F,PSYCHEDELIC TILE COASTER,178.0,423,23,18,7.739130434782608
21944,KITTENS DESIGN FLANNEL,177.88,232,33,24,5.390303030303031
47594B,SCOTTIES DESIGN WASHBAG,177.45,91,30,26,5.915
84859C,PINK DISCO HANDBAG,176.39,83,21,17,8.399523809523808
84313B,BLUE TV TRAY TABLE ,175.8,76,13,6,13.523076923076925
21378,SMALL TALL CAMPHOR WOOD TOADSTOOL,175.05,129,22,21,7.956818181818182
84691,PACK 20 DOLLY PEGS,174.5,242,4,2,43.625
84800M,MEDIUM WHITE/PINK ROSE ART FLOWER,174.31,127,11,11,15.846363636363636
90200A,PURPLE SWEETHEART BRACELET,174.25,41,16,14,10.890625
21807,WHITE CHRISTMAS STAR DECORATION,173.88,414,25,24,6.9552
21026,SPACE OWL,173.62,140,22,20,7.891818181818182
85186C,BUNNY EGG GARLAND,173.46,413,33,32,5.256363636363637
21911,GARDEN METAL SIGN ,173.25,105,20,18,8.6625
44235,ASS COL CIRCLE MOBILE ,173.15999999999997,474,6,6,28.859999999999996
20769,DAISY JOURNAL ,173.12,66,26,21,6.658461538461538
84637,KITCHEN FLOWER POTS WALL PLAQUE,172.55,29,13,11,13.273076923076925
20847,ZINC HEART LATTICE CHARGER LARGE,172.5,46,14,12,12.321428571428571
82011C,BATHROOM SCALES FOOTPRINTS IN SAND,172.05,51,20,17,8.602500000000001
84913A,SOFT PINK ROSE TOWEL ,172.05,37,10,10,17.205000000000002
84963A,PINK PAINTED KASHMIRI CHAIR,171.8,4,1,1,171.8
85214,TUB 24 PINK FLOWER PEGS,169.95,103,43,36,3.9523255813953484
21763,VINTAGE WOODEN BAR STOOL,169.75,6,4,4,42.4375
21656,RIDGED GLASS POSY VASE ,169.64999999999998,117,17,15,9.979411764705882
21275,ZINC TOP  2 DOOR WOODEN SHELF ,169.5,10,9,9,18.833333333333332
84875B,GREEN SQUARE COMPACT MIRROR,168.75,125,15,14,11.25
21364,PEACE SMALL WOOD LETTERS,168.75,25,21,19,8.035714285714286
90114,SUMMER DAISIES BAG CHARM,168.29999999999998,66,11,11,15.299999999999999
62086A,PINK RETRO BIG FLOWER BAG,167.7,86,13,13,12.899999999999999
84927F,PSYCHEDELIC TILE HOOK,166.35,295,40,36,4.1587499999999995
21306,SET/4 DAISY MIRROR MAGNETS,166.27999999999997,486,36,35,4.618888888888888
21280,VINTAGE KITCHEN PRINT VEGETABLES,165.75,65,12,12,13.8125
21279,VINTAGE KITCHEN PRINT FRUITS,165.75,65,12,12,13.8125
BANK CHARGES,Bank Charges,165.001,12,11,10,15.00009090909091
20622,VIPPASSPORT COVER ,164.58,127,21,18,7.837142857142858
47469,ASSORTED SHAPES PHOTO CLIP SILVER ,164.51,355,11,10,14.955454545454545
46118,FUNKY MONKEY CUSHION COVER,164.04999999999998,193,18,12,9.113888888888887
85020,ROUND PINK HEART MIRROR,163.8,78,16,11,10.2375
90209A,PURPLE ENAMEL+GLASS HAIR COMB,163.8,84,4,3,40.95
85145,JARDIN ETCHED GLASS LARGE BELL JAR,163.75,37,13,12,12.596153846153847
72801C,4 ROSE PINK DINNER CANDLES,163.38,138,14,13,11.67
47481,50CM METAL STRING WITH  7 CLIPS,163.37,221,19,15,8.59842105263158
47578A,ENGLISH ROSE SMALL SCENTED FLOWER,163.2,192,27,26,6.044444444444444
21333,CLASSIC WHITE FRAME,162.25,55,15,15,10.816666666666666
35914,PINK CHICK EGG WARMER + EGG CUP,162.25,135,18,16,9.01388888888889
21750,LARGE SKULL WINDMILL,161.70000000000002,77,16,15,10.106250000000001
21427,SKULLS STORAGE BOX SMALL,161.70000000000002,77,25,21,6.468000000000001
84507C,BLUE CIRCLES DESIGN MONKEY DOLL,160.64999999999998,63,25,11,6.425999999999999
85027L,FRENCH CHATEAU LARGE PLATTER ,160.5,70,18,17,8.916666666666666
37476,CONDIMENT TRAY 4 BOWLS AND 4 SPOONS,160.39,17,9,9,17.821111111111108
23305,SET 4 PICNIC CUTLERY BLUEBERRY,159.9,82,9,9,17.766666666666666
21367,MIRRORED WALL ART GENTS,159.51,163,35,29,4.557428571428571
20868,SILVER FABRIC MIRROR,159.26,381,31,29,5.137419354838709
90082B,DIAMANTE BOW BROOCH RED COLOUR,158.75,25,10,8,15.875
72225C,LAVENDER SCENT CAKE CANDLE,158.64,600,16,12,9.915
22031,BOTANICAL LAVENDER BIRTHDAY CARD,158.61,363,32,28,4.9565625
21311,SET/4 BIRD MIRROR MAGNETS ,158.23,452,44,40,3.5961363636363632
23545,WRAP RED DOILEY,157.5,375,15,15,10.5
84877B,GREEN ROUND COMPACT MIRROR,157.5,126,9,8,17.5
16156L,WRAP CAROUSEL,157.5,375,14,13,11.25
20830,SILVER PHOTO FRAME,157.5,75,20,19,7.875
23143,ZINC WIRE KITCHEN ORGANISER,156.8,25,12,12,13.066666666666668
79030D,TUMBLER BAROQUE,156.78,402,25,22,6.2712
20777,CHRYSANTHEMUM NOTEBOOK,156.75,95,36,32,4.354166666666667
23468,TUSCAN VILLA BIRD TABLE ,156.75,19,11,11,14.25
16258A,SWIRLY CIRCULAR RUBBERS IN BAG,156.53,445,38,29,4.11921052631579
71403,"PINK/WHITE ""KEEP CLEAN"" BULLET BIN",156.35000000000002,53,13,12,12.02692307692308
22889,NUMBER TILE VINTAGE FONT No ,156.18,143,7,6,22.31142857142857
21379,CAMPHOR WOOD PORTOBELLO MUSHROOM,155.61,141,23,22,6.765652173913044
84799,SPRIG LAVENDER ARTIFICIAL FLOWER,155.48,220,9,9,17.275555555555556
21402,RED  EGG  SPOON,155.4,1290,61,54,2.5475409836065577
85123A,CREAM HANGING HEART T-LIGHT HOLDER,155.35,57,7,7,22.192857142857143
23416,CHAMBRE HOOK,155.07,123,18,18,8.615
35810B,ENAMEL BLUE RIM COFFEE CONTAINER,155.03,147,21,18,7.382380952380952
40003,WHITE BAMBOO RIBS LAMPSHADE,154.95,147,11,10,14.086363636363636
21316,SMALL CHUNKY GLASS ROMAN  BOWL,153.64000000000001,148,9,9,17.07111111111111
90161D,ANT COPPER PINK BOUDICCA BRACELET,153.45,31,9,6,17.049999999999997
90201C,RED ENAMEL FLOWER RING,153.4,52,12,12,12.783333333333333
18094C,WHITE AND BLUE CERAMIC OIL BURNER,153.1,134,15,13,10.206666666666667
84827,ASS DES PHONE SPONGE CRAFT STICKER,153.09,509,14,12,10.935
22353,LUNCH BOX WITH CUTLERY FAIRY CAKES ,153.0,60,24,23,6.375
22289,HANGING METAL CHICKEN DECORATION,152.5,122,19,19,8.026315789473685
21145,ANTIQUE GLASS PLACE SETTING,152.5,122,8,8,19.0625
23484,HEART TRELLISTRIPLE T-LIGHT HOLDER,152.24,56,5,5,30.448
20781,GOLD EAR MUFF HEADPHONES,152.13,29,20,19,7.6065
85211,S/4 GROOVY CAT MAGNETS,151.92,142,17,15,8.936470588235293
22032,BOTANICAL LILY GREETING CARD,151.62,361,31,28,4.8909677419354844
22042,CHRISTMAS CARD SINGING ANGEL,151.2,360,25,24,6.047999999999999
22538,MINI JIGSAW GO TO THE FAIR,151.07999999999998,386,26,25,5.81076923076923
22415,WHITE TISSUE REAM,151.05,19,13,13,11.61923076923077
35967,FOLK ART METAL STAR T-LIGHT HOLDER,150.54,381,29,24,5.191034482758621
17107D,FLOWER FAIRY 5 DRAWER LINERS,150.45,59,20,18,7.522499999999999
35915B,BLUE KNITTED HEN ,150.15,91,14,14,10.725
84629,WHITE 3 FRAME BIRDS AND TREE ,150.0,20,10,10,15.0
84963B,BLUE PAINTED KASHMIRI CHAIR,149.85000000000002,3,1,1,149.85000000000002
85168B,BLACK BAROQUE CARRIAGE CLOCK,149.67,17,7,5,21.381428571428568
21376,LARGE  TALL CAMPHOR WOOD TOADSTOOL ,149.65,29,13,13,11.511538461538462
23254,KIDS CUTLERY DOLLY GIRL ,149.4,36,8,8,18.675
23256,KIDS CUTLERY SPACEBOY ,149.4,36,8,8,18.675
23196,RETRO LEAVES MAGNETIC NOTEPAD,149.35,103,17,17,8.785294117647059
84711B,PINK OVAL SHAPE TRINKET BOX,149.25,15,8,7,18.65625
47471,RAINBOW PEGS PHOTO CLIP STRING,148.88,262,24,19,6.203333333333333
84828,JUNGLE POPSICLES ICE LOLLY HOLDERS,148.75,119,15,15,9.916666666666666
21721,CANDY SHOP  STICKER SHEET,148.75,175,20,19,7.4375
21028,NINJA RABBIT BLACK,148.29,116,21,15,7.061428571428571
84712B,PINK JEWELLED PHOTO FRAME,147.87,19,11,9,13.442727272727273
85146,JARDIN ETCHED GLASS SMALL BELL JAR,147.85000000000002,43,8,8,18.481250000000003
84683,CLASSICAL ROSE CANDLESTAND,147.35000000000002,187,7,6,21.050000000000004
21196,ROUND WHITE CONFETTI IN TUBE,146.85,89,9,9,16.316666666666666
46000R,POLYESTER FILLER PAD 45x30cm,146.45,101,37,22,3.958108108108108
21459,YELLOW EASTER EGG HUNT START POST,146.25,75,18,16,8.125
22202,MILK PAN PINK POLKADOT,146.25,39,17,16,8.602941176470589
84952A,CLEAR LOVE BIRD T-LIGHT HOLDER,146.21,38,6,6,24.368333333333336
35957,SMALLFOLKART BAUBLE CHRISTMAS DEC,146.04,558,7,7,20.86285714285714
90160B,RED BOUDICCA LARGE BRACELET,145.95,21,8,7,18.24375
90119,METALIC LEAVES BAG CHARMS,145.77,59,15,3,9.718
72128,COLUMBIAN CANDLE ROUND,145.53,189,33,28,4.41
47343A,FUSCHIA FLOWER PURSE WITH BEADS,145.17000000000002,159,14,13,10.369285714285715
90198A,VINTAGE ROSE BEAD BRACELET RASPBERR,144.5,34,10,8,14.45
84688,BEACH HUT DESIGN BLACKBOARD,144.5,34,8,7,18.0625
21457,2 PICTURE BOOK EGGS EASTER DUCKS,143.75,115,16,15,8.984375
21332,MOROCCAN BEATEN METAL MIRROR,143.3,14,8,8,17.9125
23292,SPACE BOY CHILDRENS CUP,143.3,130,5,5,28.660000000000004
79190A,RETRO PLASTIC 70'S TRAY,142.8,340,34,24,4.2
21001,ROSE DU SUD WASHBAG ,142.8,24,12,12,11.9
84508B,STRIPES DESIGN TEDDY,142.79999999999998,56,30,21,4.76
21132,SILVER STANDING GNOME   ,142.75,35,16,13,8.921875
21369,MIRRORED WALL ART SPLODGES,142.5,98,13,12,10.961538461538462
20837,FRENCH FLORAL CUSHION COVER ,142.47000000000003,141,15,14,9.498000000000001
23694,PAISLEY PARK CARD,141.84,348,24,23,5.91
21117,BLOND DOLL DOORSTOP,141.75,109,14,11,10.125
21614,SET OF 12 ROSE BOTANICAL T-LIGHTS,141.60000000000002,48,7,7,20.22857142857143
21030,SPACE CADET RED,141.17,111,21,19,6.722380952380952
84247G,"DECOUPAGE,GREETING CARD,",141.12,336,23,17,6.135652173913043
22033,BOTANICAL ROSE GREETING CARD,141.12,336,21,20,6.720000000000001
20836,FRENCH PAISLEY CUSHION COVER,141.10000000000002,170,17,14,8.3
16054,POPART RECT PENCIL SHARPENER ASST,140.52,1166,33,29,4.258181818181819
21555,CERAMIC STRAWBERRY TRINKET TRAY,140.25,55,12,11,11.6875
21331,MOROCCAN BEATEN METAL DISH LARGE,140.25,11,7,7,20.035714285714285
22408,MONEY BOX CONFECTIONERY DESIGN,140.25,136,22,20,6.375
23091,METAL HERB GERDEN CONTAINER,139.68,24,5,5,27.936
20659,ECONOMY LUGGAGE TAG,139.56,94,29,18,4.812413793103448
82011B,BATHROOM SCALES RUBBER DUCKS,139.35,41,19,11,7.334210526315789
21344,MOROCCAN BEATEN METAL DISH,139.29999999999998,14,5,5,27.859999999999996
84711A,SILVER OVAL SHAPE TRINKET BOX,139.29999999999998,14,7,7,19.9
75011,BLUE DAISY MOBILE,138.76,172,12,9,11.563333333333333
84192,ASSORTED COLOUR METAL CAT ,138.75,111,25,19,5.55
21851,LILAC DIAMANTE PEN IN GIFT BOX,138.72,26,15,12,9.248
90201A,PURPLE ENAMEL FLOWER RING,138.65,47,11,11,12.604545454545455
35653,VINTAGE BEAD NOTEBOOK,138.65,47,17,11,8.155882352941177
84247E,PACK OF 12 CHRISTMAS FUN CARDS,138.65,47,13,13,10.665384615384616
35922,EASTER BUNNY WREATH,138.6,28,10,10,13.86
23304,SET 4 PICNIC CUTLERY CHERRY ,138.45,71,9,9,15.383333333333333
16168M,FUNKY MONKEY GIFT BAG MEDIUM,138.18,329,20,19,6.909000000000001
17038,PORCELAIN BUDAH INCENSE HOLDER,138.1,1501,19,18,7.268421052631578
20618,QUEEN OF THE SKIES PASSPORT COVER ,137.88,68,28,20,4.924285714285714
23417,BATHROOM HOOK,137.76,140,21,21,6.56
20617,FIRST CLASS PASSPORT COVER ,137.74,66,26,20,5.297692307692308
22769,CHALKBOARD KITCHEN ORGANISER,137.7,6,3,3,45.9
21736,GOLD SCROLL GLASS T-LIGHT HOLDER,137.22,80,5,5,27.444
21637,ASSORTED SANSKRIT MINI NOTEBOOK,136.25,109,6,6,22.708333333333332
90185D,CRYSTAL DIAMANTE EXPANDABLE RING,136.0,32,8,7,17.0
85118,HEART T-LIGHT HOLDER,135.74,142,6,5,22.623333333333335
90201D,GREEN ENAMEL FLOWER RING,135.70000000000002,46,9,9,15.07777777777778
84429A,MEDIUM PINK BUDDHA HEAD ,135.70000000000002,46,14,13,9.692857142857145
84744,S/6 SEW ON CROCHET FLOWERS,135.0,108,18,17,7.5
90143,SILVER BRACELET W PASTEL FLOWER,135.0,18,7,7,19.285714285714285
20694,FLORAL PINK MONSTER,135.0,36,10,9,13.5
21942,SKULLS DESIGN FLANNEL,134.54999999999998,161,23,14,5.85
22869,NUMBER TILE COTTAGE GARDEN 1,134.54999999999998,69,19,18,7.0815789473684205
20758,ABSTRACT CIRCLES POCKET BOOK,134.29999999999998,158,41,35,3.2756097560975608
46000U,POLYESTER FILLER PAD 30CMx30CM,133.75,107,26,16,5.144230769230769
90082A,DIAMANTE BOW BROOCH GREEN COLOUR,133.35,21,10,8,13.334999999999999
84661A,WHITE SQUARE TABLE CLOCK,132.99,94,11,10,12.090000000000002
20757,RED DAISY POCKET BOOK ,132.53,155,30,30,4.417666666666666
62096A,PINK/YELLOW FLOWERS HANDBAG,132.5,106,8,7,16.5625
21401,BLUE PUDDING SPOON,132.29999999999998,1010,58,48,2.28103448275862
84638,SMALL KITCHEN FLOWER POTS PLAQUE,132.05,19,12,11,11.004166666666668
23465,TUSCAN VILLA BIRD FEEDER,132.0,16,8,8,16.5
23081,GREEN METAL BOX TOP SECRET,132.0,16,4,4,33.0
23066,SMALL JEWELLERY STAND,132.0,16,6,6,22.0
79030G,"TUMBLER, NEW ENGLAND",131.94,138,11,11,11.994545454545454
90030B,RED KUKUI COCONUT SEED NECKLACE,131.8,112,15,13,8.786666666666667
90120C,GREEN MURANO TWIST BRACELET,131.75,31,7,6,18.821428571428573
79191B,RETRO PLASTIC POLKA TRAY,130.9,154,26,23,5.0346153846153845
22395,PAPERWEIGHT VINTAGE PAISLEY,130.26,134,15,15,8.684
84508C,BLUE CIRCLES DESIGN TEDDY,130.05,51,20,14,6.5025
85039C,S/4 BLACK MINI ROSE CANDLE IN BOWL,129.94,222,12,9,10.828333333333333
21319,GLASS CHALICE GREEN  SMALL ,129.51,147,12,12,10.792499999999999
22870,NUMBER TILE COTTAGE GARDEN 2,128.7,66,15,14,8.58
20826,SILVER APERITIF GLASS,128.4,276,8,7,16.05
21368,MIRRORED WALL ART LADIES,128.4,160,30,25,4.28
85095,THREE CANVAS LUGGAGE TAGS,128.26,66,10,9,12.825999999999999
84993A,75 GREEN PETIT FOUR CASES,128.1,305,33,30,3.881818181818182
90198B,VINTAGE ROSE BEAD BRACELET BLACK,127.5,30,11,11,11.590909090909092
84882,GREEN WIRE STANDING CANDLE HOLDER,127.5,34,15,12,8.5
22124,SET OF 2 TEA TOWELS PING MICROWAVE,127.42,78,23,14,5.54
21025,SPACE FROG,127.25,100,16,14,7.953125
84631,FRUIT TREE AND BIRDS WALL PLAQUE,127.2,16,9,7,14.133333333333333
85130A,BEADED PEARL HEART WHITE LARGE,127.05,77,10,10,12.705
20903,VINTAGE KEEPSAKE BOX TRAVELOGUE,127.0,20,10,10,12.7
21738,COSY SLIPPER SHOES SMALL  RED ,126.85000000000001,43,18,17,7.0472222222222225
72130,COLUMBIAN CANDLE ROUND,126.78999999999999,215,24,20,5.282916666666666
23303,SET 4 PICNIC CUTLERY FONDANT,126.75,65,6,6,21.125
23020,GLASS SONGBIRD STORAGE JAR,126.7,11,3,3,42.233333333333334
20654,FIRST CLASS LUGGAGE TAG ,126.69,105,23,21,5.508260869565217
85067,CREAM SWEETHEART WALL CABINET,126.65,7,5,5,25.330000000000002
20823,GOLD WINE GOBLET,126.4,160,7,6,18.057142857142857
23065,LARGE JEWELLERY STAND,125.0,10,4,4,31.25
90210D,PURPLE ACRYLIC FACETED BANGLE,125.0,104,5,4,25.0
90145,SILVER HOOP EARRINGS WITH FLOWER,124.95,21,11,7,11.35909090909091
22263,FELT EGG COSY LADYBIRD ,124.83,255,18,14,6.935
85202,HANGING WOOD AND FELT HEART,124.32,296,39,34,3.1876923076923074
85129B,BEADED CRYSTAL HEART GREEN SMALL,124.11,101,16,10,7.756875
85185B,PINK HORSE SOCK PUPPET KIT,123.9,42,14,13,8.85
72799C,PINK PILLAR CANDLE SILVER FLOCK,123.68,80,18,17,6.871111111111111
21377,SMALL CAMPHOR WOOD FIELD  MUSHROOM,123.21,93,19,18,6.484736842105263
23454,SET OF 3 MINI HANGING PORTRAITS,123.2,32,2,2,61.6
90058A,CRYSTAL STUD EARRINGS CLEAR DISPLAY,123.12,324,7,7,17.58857142857143
23457,LARGE PARLOUR FRAME,122.85,27,2,2,61.425
20616,CHERRY BLOSSOM PASSPORT COVER,122.78,134,25,19,4.9112
85094,CANDY SPOT EGG WARMER RABBIT,122.75,501,30,29,4.091666666666667
85055,FRENCH ENAMEL UTENSIL HOLDER,122.75,37,10,9,12.275
84510C,SET OF 4 POLKADOT COASTERS,122.42,96,32,25,3.825625
20735,BLACK MINI TAPE MEASURE ,121.3,158,30,11,4.043333333333333
84877D,BLUE ROUND COMPACT MIRROR,121.25,87,11,11,11.022727272727273
20845,ZINC HEART LATTICE 2 WALL PLANTER,120.64999999999999,19,11,7,10.968181818181817
85131B,BEADED CRYSTAL HEART GREEN ON STICK,120.38,142,13,2,9.26
84800S,SMALL WHITE/PINK ROSE ART FLOWER,120.07,107,9,9,13.341111111111111
22104,MIRROR MOSAIC CANDLE PLATE,120.07,151,12,9,10.005833333333333
23438,GIFT BAG LARGE SPOT ,120.0,96,6,6,20.0
35972,DAISY FOLKART HEART DECORATION,120.0,96,16,14,7.5
20696,FLORAL SOFT CAR TOY,120.0,32,10,10,12.0
44234,ASSORTED CIRCULAR MOBILE,119.99999999999999,640,19,17,6.31578947368421
21027,NINJA RABBIT PINK,119.95,99,17,16,7.055882352941176
23463,VINTAGE ZINC WATERING CAN,119.39999999999999,12,7,7,17.057142857142857
85087,CANDY SPOT CUSHION COVER,119.36000000000001,40,7,7,17.051428571428573
85135A,YELLOW DRAGONFLY HELICOPTER,119.25,15,6,6,19.875
84709B,PINK OVAL JEWELLED MIRROR,119.0,20,11,11,10.818181818181818
23359,SET OF 12 T-LIGHTS VINTAGE DOILEY,118.94999999999999,61,6,6,19.825
23280,FOLDING MIRROR HOT PINK ,118.92000000000002,156,5,5,23.784000000000002
23244,STORAGE TIN VINTAGE LEAF,117.0,60,7,7,16.714285714285715
84741C,CITRUS GARLAND FELT FLOWERS ,117.0,60,14,14,8.357142857142858
21698,MOCK LOBSTER FRIDGE MAGNET,116.61999999999999,266,22,22,5.300909090909091
72780,BLACK SILOUETTE CANDLE PLATE,116.44999999999999,137,20,18,5.8225
51020A,SUMMER FUN DESIGN SHOWER CAP,116.32999999999998,325,18,16,6.462777777777777
47310M,"SMALL POP BOX,FUNKY MONKEY",116.25,93,13,8,8.942307692307692
90210C,RED   ACRYLIC FACETED BANGLE,115.9,94,5,5,23.18
23209,LUNCH BAG VINTAGE DOILEY ,115.5,70,4,4,28.875
21418,STARFISH SOAP DISH,115.25,59,12,11,9.604166666666666
21826,EIGHT PIECE DINOSAUR SET,115.0,92,18,16,6.388888888888889
23185,FRENCH STYLE STORAGE JAR JAM,114.85,317,30,27,3.828333333333333
10080,GROOVY CACTUS INFLATABLE,114.41,291,21,19,5.448095238095238
84673B,BLUE FLY SWAT,114.21,135,42,31,2.7192857142857143
23535,WALL ART BICYCLE SAFTEY ,114.15,21,3,3,38.050000000000004
90191,SILVER LARIAT 40CM,113.9,22,7,7,16.271428571428572
90192,JADE DROP EARRINGS W FILIGREE,113.85000000000001,23,8,5,14.231250000000001
47518F,ICON PLACEMAT POP ART ELVIS,113.64,827,28,19,4.058571428571429
85131D,BEADED CRYSTAL HEART PINK ON STICK,113.09,115,12,5,9.424166666666666
84576,BLUE CAT BISCUIT BARREL PINK HEART,111.14999999999999,57,9,8,12.35
22882,NUMBER TILE VINTAGE FONT 3,110.28999999999999,83,20,13,5.5145
23496,PANTRY KITCHEN THERMOMETER ,110.0,88,22,21,5.0
84925F,PSYCHEDELIC WALL THERMOMETER,109.93,79,14,14,7.852142857142858
84595E,LARGE TORTILLA DESIGN RED BOWL,109.8,64,9,8,12.2
21400,RED PUDDING SPOON,109.74,837,48,42,2.28625
84865,NEW BAROQUE BLACK PHOTO ALBUM,109.65,24,11,8,9.968181818181819
22877,NUMBER TILE COTTAGE GARDEN 9,109.2,56,13,12,8.4
35638B,PINK/BLUE STRING CURTAIN ,109.2,56,4,4,27.3
84846A,SCENTED CANDLE IN DIGITALIS TIN,109.2,52,10,9,10.92
22878,NUMBER TILE COTTAGE GARDEN No,109.2,52,11,10,9.927272727272728
23578,SNACK TRAY RED GINGHAM,109.2,56,11,11,9.927272727272728
20655,QUEEN OF SKIES LUGGAGE TAG,109.11,89,34,20,3.2091176470588234
23041,PAPER LANTERN 6 POINT SNOW STAR,107.9,26,6,6,17.983333333333334
17090A,LAVENDER INCENSE 40 CONES IN TIN,107.45,109,10,9,10.745000000000001
84228,HEN HOUSE W CHICK STANDING,107.39999999999999,270,16,13,6.7124999999999995
21375,LARGE CAMPHOR WOOD FIELD MUSHROOM ,107.30000000000001,22,10,9,10.73
22872,NUMBER TILE COTTAGE GARDEN 4,107.25,55,13,13,8.25
23455,SMALL PARLOUR FRAME,106.98000000000002,42,2,2,53.49000000000001
21518,BANK ACCOUNT  GREETING  CARD ,106.98,265,17,16,6.292941176470588
22135,MINI LADLE LOVE HEART PINK,106.56,242,45,20,2.368
23477,WOODLAND LARGE BLUE FELT HEART,106.25,85,8,8,13.28125
85215,ASSORTED CHEESE FRIDGE MAGNETS,105.94999999999999,163,8,8,13.243749999999999
22874,NUMBER TILE COTTAGE GARDEN 6,105.3,54,11,10,9.572727272727272
16052,TEATIME PUSH DOWN RUBBER,105.28999999999999,467,6,5,17.548333333333332
23574,PACKING CHARGE,105.0,14,14,9,7.5
22039,BOTANICAL LILY GIFT WRAP,105.0,250,7,6,15.0
21904,HOUSE WRECKING METAL SIGN ,105.0,50,23,21,4.565217391304348
84461,12 PINK HEN+CHICKS IN BASKET,104.55,41,14,13,7.4678571428571425
23151,ZINC SWEETHEART SOAP DISH,104.41,59,19,18,5.495263157894737
20775,DAISY NOTEBOOK ,103.95,63,20,19,5.1975
22868,NUMBER TILE COTTAGE GARDEN 0 ,103.35,53,10,10,10.334999999999999
21814,HEART T-LIGHT HOLDER ,102.95,71,12,11,8.579166666666667
22885,NUMBER TILE VINTAGE FONT 6 ,102.49,79,12,10,8.540833333333333
22881,NUMBER TILE VINTAGE FONT 2,102.49,79,13,9,7.883846153846154
21366,MIRRORED WALL ART PHOTO FRAMES,102.0,24,10,9,10.2
90196A,PURPLE GEMSTONE NECKLACE 45CM,102.0,8,5,5,20.4
90199C,5 STRAND GLASS NECKLACE CRYSTAL,101.6,16,7,7,14.514285714285714
22871,NUMBER TILE COTTAGE GARDEN 3 ,101.39999999999999,52,10,10,10.139999999999999
22876,NUMBER TILE COTTAGE GARDEN 8,101.39999999999999,52,11,11,9.218181818181817
47594A,CAROUSEL DESIGN WASHBAG,101.39999999999999,52,26,26,3.8999999999999995
84457,SET/3 RABBITS FLOWER SKIPPPING ROPE,101.14999999999999,119,21,21,4.816666666666666
35819B,"ACRYLIC HANGING JEWEL,BLUE",101.08,266,22,19,4.594545454545455
84509E,SET OF 4 CAROUSEL PLACEMATS ,101.06,70,8,7,12.6325
16033,MINI HIGHLIGHTER PENS,100.80000000000001,840,4,4,25.200000000000003
21157,RED RETROSPOT WASHBAG,100.80000000000001,48,14,12,7.200000000000001
20796,SMALL BLUE PROVENCAL CERAMIC BALL,100.64999999999999,61,8,8,12.581249999999999
22883,NUMBER TILE VINTAGE FONT 4,100.53999999999999,78,11,9,9.139999999999999
85129C,BEADED CRYSTAL HEART BLUE SMALL,99.88,77,12,8,8.323333333333332
22875,NUMBER TILE COTTAGE GARDEN 7,99.45,51,14,14,7.103571428571429
35818P,"ACRYLIC JEWEL ICICLE, PINK",99.18,261,17,15,5.834117647058824
23465,TUSCAN VILLA FEEDING STATION,99.0,12,7,7,14.142857142857142
23466,TUSCAN VILLA DOVECOTE,99.0,12,4,4,24.75
23191,BUNDLE OF 3 RETRO EXERCISE BOOKS,99.0,60,5,5,19.8
17091A,LAVENDER INCENSE IN TIN,98.91,171,25,19,3.9564
90184C,BLACK CHUNKY BEAD BRACELET W STRAP,98.44999999999999,11,7,7,14.064285714285713
84723,CHERRY BLOSSOM CANVAS ART PICTURE,97.95,41,6,5,16.325
84247E,PACK/12 XMAS FUN CARD,97.35000000000001,33,10,10,9.735000000000001
84806A,PINK CANDYSTUFT ARTIFICIAL FLOWER,96.88999999999999,137,11,11,8.808181818181817
84801A,PINK HYDRANGEA ART FLOWER,96.60000000000001,46,5,5,19.32
22812,PACK 3 BOXES CHRISTMAS PANETTONE,95.67,39,12,9,7.9725
79190D,RETRO PLASTIC DAISY TRAY,95.34,227,25,16,3.8136
90195A,PURPLE GEMSTONE BRACELET,95.2,16,7,7,13.6
84666,SQUARE CHERRY BLOSSOM CABINET,94.80000000000001,24,4,4,23.700000000000003
22884,NUMBER TILE VINTAGE FONT 5,94.69,75,16,12,5.918125
84898F,YELLOW FLOWERS FELT HANDBAG KIT,94.5,45,18,15,5.25
46776F,WOVEN ROSE GARDEN CUSHION COVER ,94.05000000000001,19,8,6,11.756250000000001
90125A,PINK BERTIE GLASS BEAD BAG CHARM,93.89999999999999,109,6,4,15.649999999999999
84569B,PACK 3 FIRE ENGINE/CAR PATCHES,93.75,75,11,11,8.522727272727273
23402,HOME SWEEET HOME 3 PEG HANGER ,93.75,25,4,4,23.4375
90185A,AMBER DIAMANTE EXPANDABLE RING,93.5,22,5,5,18.7
22602,CHRISTMAS RETROSPOT HEART WOOD,93.5,110,10,10,9.35
90063A,WHITE VINT ART DECO CRYSTAL NECKLAC,93.5,11,7,7,13.357142857142858
85167B,BLACK GRAND BAROQUE PHOTO FRAME,93.0,48,7,7,13.285714285714286
22886,NUMBER TILE VINTAGE FONT 7,92.74,74,13,8,7.133846153846154
20731,POSY CANDY BAG,92.5,74,8,8,11.5625
20795,LARGE BLUE PROVENCAL CERAMIC BALL,92.4,44,8,6,11.55
20773,BLUE PAISLEY NOTEBOOK,92.39999999999999,56,23,21,4.017391304347826
82615,PINK MARSHMALLOW SCARF KNITTING KIT,91.8,36,1,1,91.8
22873,NUMBER TILE COTTAGE GARDEN 5,91.64999999999999,47,13,12,7.049999999999999
23075,DOUBLE CERAMIC PARLOUR HOOK,91.30000000000001,22,5,5,18.26
90032,IVORY SHELL HEART NECKLACE,90.67,19,6,4,15.111666666666666
85230F,JASMINE VOTIVE CANDLE,90.33999999999999,338,12,11,7.528333333333332
47503H,ASS FLORAL PRINT SPIRIT LEVEL ,90.13,95,32,30,2.8165625
84748,FOLK FELT HANGING MULTICOL GARLAND,90.0,24,8,7,11.25
37343,POLKADOT MUG PINK ,89.7,62,8,8,11.2125
85179C,PINK BITTY LIGHT CHAIN,89.65,69,7,7,12.807142857142859
90010E,AMBER GLASS/SILVER BRACELET,89.5,10,7,7,12.785714285714286
35400,WOODEN BOX ADVENT CALENDAR ,89.5,10,5,5,17.9
90185C,BLACK DIAMANTE EXPANDABLE RING,89.25,21,5,5,17.85
90148,LONG SILVER NECKLACE PASTEL FLOWER,89.25,7,5,5,17.85
21281,VINTAGE KITCHEN PRINT SEAFOOD,89.24999999999999,35,6,6,14.874999999999998
90019A,SILVER M.O.P ORBIT BRACELET,89.10000000000001,18,9,8,9.9
21678,PAISLEY PATTERN  STICKERS,88.39999999999999,104,16,16,5.5249999999999995
84984A,GREEN PEONY CUSHION COVER,88.35,19,6,4,14.725
21370,MIRRORED WALL ART FOXY,88.2,15,8,7,11.025
90036D,"FLOWER GLASS GARLAND NECKL.36""BLACK",87.45,11,4,4,21.8625
90180A,BLACK+WHITE NECKLACE W TASSEL,87.35,13,5,5,17.47
21038,SET/4 MODERN VINTAGE COTTON NAPKINS,86.75,77,23,20,3.7717391304347827
20774,GREEN FERN NOTEBOOK,85.8,52,22,21,3.9
75172,PAINTED SEA SHELL METAL WINDCHIME,85.31,93,8,8,10.66375
90120B,BLUE MURANO TWIST BRACELET,85.0,20,5,5,17.0
90200C,BLUE SWEETHEART BRACELET,85.0,20,6,6,14.166666666666666
22880,NUMBER TILE VINTAGE FONT 1,84.94,70,11,8,7.721818181818182
84527,FLAMES SUNGLASSES PINK LENSES,84.45,47,6,6,14.075000000000001
35933,PINK STOCKING CHRISTMAS DECORATION,84.36,222,16,15,5.2725
90122C,TURQUOISE CRYSTAL+GLASS BRACELET,84.15,17,5,3,16.830000000000002
23456,MEDIUM PARLOUR FRAME ,84.1,22,2,2,42.05
16169K,WRAP FOLK ART,84.0,200,8,8,10.5
21420,OYSTER TRINKET BOX,83.87,47,13,12,6.451538461538462
35920,FOUR RABBIT EASTER DECORATIONS,83.75,67,11,11,7.613636363636363
21032,SPACE CADET WHITE,83.63,64,15,13,5.575333333333333
90123A,PINK HEART OF GLASS BRACELET,83.3,14,8,8,10.4125
23442,12 HANGING EGGS HAND PAINTED,83.2,40,7,7,11.885714285714286
21003,ROSE DU SUD CUSHION COVER,82.55,13,6,6,13.758333333333333
21690,SILVER  CANDLEPOT JARDIN ,82.5,22,7,6,11.785714285714286
82613A,"METAL SIGN,CUPCAKE SINGLE HOOK",82.5,66,14,13,5.892857142857143
35638A,PINK AND BLACK STRING CURTAIN,82.1,38,5,5,16.419999999999998
16049,TEATIME GEL PENS ASST,82.08,504,5,5,16.416
84531B,BLUE KNITTED EGG COSY,81.50999999999999,149,25,24,3.2603999999999997
21349,IVY HEART WREATH,81.0,12,7,7,11.571428571428571
35915C,PEACH KNITTED HEN ,80.85000000000001,49,8,8,10.106250000000001
90016A,SILVER/M.O.P PENDANT ORBIT NECKLACE,80.75,14,4,4,20.1875
21095,SET/6 POSIES PAPER PLATES,80.75,95,9,9,8.972222222222221
90175A,WHITE GLASS CHUNKY CHARM BRACELET,80.55,9,8,6,10.06875
90175C,BLUE GLASS CHUNKY CHARM BRACELET,80.55,9,6,6,13.424999999999999
23370,SET 36 COLOUR PENCILS DOILEY,80.0,64,3,3,26.666666666666668
84809A,WHITE CHRYSANTHEMUMS ART FLOWER,79.8,38,5,5,15.959999999999999
90162B,ANT SILVER LIME GREEN BOUDICCA RING,79.65,27,10,7,7.965000000000001
90014A,SILVER/MOP ORBIT NECKLACE,79.6,8,7,5,11.37142857142857
90014B,GOLD M PEARL  ORBIT NECKLACE,79.6,8,6,5,13.266666666666666
20821,GOLDIE LOOKING MIRROR,79.2,16,5,5,15.84
23464,VINTAGE ZINC WATERING CAN SMALL,79.2,16,6,6,13.200000000000001
84507B,STRIPES DESIGN MONKEY DOLL,79.05,31,14,10,5.646428571428571
21278,VINTAGE KITCHEN PRINT PUDDINGS,79.05,31,7,7,11.292857142857143
84984B,RED PEONY CUSHION COVER ,79.05,17,5,4,15.809999999999999
84685,BEACH HUT KEY CABINET,78.75,21,9,6,8.75
85131C,BEADED CRYSTAL HEART BLUE ON STICK,78.71,73,11,5,7.155454545454545
23497,CLASSIC CROME BICYCLE BELL ,77.4,60,2,2,38.7
90123C,GREEN HEART OF GLASS BRACELET,77.35,13,5,5,15.469999999999999
22887,NUMBER TILE VINTAGE FONT 8,77.14,66,11,8,7.012727272727273
90016B,GOLD/M.O.P PENDANT ORBIT NECKLACE,76.5,9,8,6,9.5625
20657,TROPICAL LUGGAGE TAG,76.39,61,22,20,3.472272727272727
20941,FROG CANDLE,76.25,61,17,13,4.485294117647059
90170,DAISY HAIR BAND,75.9,46,6,6,12.65
21372,MIRRORED WALL ART TABLE LAMP,75.73,67,25,18,3.0292000000000003
23467,VINTAGE ZINC PLANTER  ,75.66999999999999,23,5,5,15.133999999999997
79403,FROSTED WHITE BASE ,75.64999999999999,89,11,9,6.877272727272726
20798,CLEAR MILKSHAKE GLASS,75.60000000000001,36,5,5,15.120000000000001
84870B,BLUE GEISHA GIRL ,75.0,20,10,9,7.5
23061,VINTAGE ENGRAVED HEART,75.0,60,4,4,18.75
85096,HILDA CANDY SPOT RABBIT,75.0,20,11,10,6.818181818181818
84847,FLORAL BATHROOM SET,75.0,20,11,9,6.818181818181818
84870C,GREEN GEISHA GIRL ,75.0,20,10,10,7.5
22764,"RUSTIC WOODEN CABINET, GLASS DOORS",74.85,3,2,2,37.425
23068,ALUMINIUM HEART,74.7,30,6,6,12.450000000000001
23044,PAPER LANTERN 9 POINT HOLLY STAR 23,74.7,18,5,5,14.940000000000001
90081A,LILY BROOCH AMETHYST COLOUR,74.25,15,8,7,9.28125
46776B,WOVEN BERRIES CUSHION COVER ,74.25,15,7,6,10.607142857142858
20997,ROSE DU SUD CUSHION COVER ,74.25,15,5,4,14.85
90030C,BROWN KUKUI COCONUT SEED NECKLACE,74.0,74,8,8,9.25
20699,MOUSEY LONG LEGS SOFT TOY,73.95,29,11,11,6.722727272727273
20894,HANGING BAUBLE T-LIGHT HOLDER LARGE,73.75,25,9,9,8.194444444444445
20898,VINTAGE NOTEBOOK TRAVELOGUE,73.75,25,4,4,18.4375
20622,VIP PASSPORT COVER ,73.5,35,11,8,6.681818181818182
17084P,DRAGONS BLOOD INCENSE,73.29,349,13,12,5.6376923076923084
72801D,4 SKY BLUE DINNER CANDLES,72.5,58,12,10,6.041666666666667
22416,SET OF 36 SPACEBOY PAPER DOILIES,72.5,50,7,7,10.357142857142858
90018A,SILVER M.O.P ORBIT DROP EARRINGS,72.25,17,9,8,8.027777777777779
46000P,POLYESTER FILLER PAD 65CMx65CM,72.25,17,5,5,14.45
90030A,SPOTTED WHITE NATURAL SEED NECKLACE,72.0,72,7,7,10.285714285714286
84927E,FLOWERS TILE HOOK,71.82,57,11,10,6.529090909090908
84531A,PINK KNITTED EGG COSY,71.75999999999999,140,25,24,2.8703999999999996
90178A,AMBER CHUNKY GLASS+BEAD NECKLACE,71.69999999999999,6,6,6,11.949999999999998
90184A,AMBER CHUNKY BEAD BRACELET W STRAP,71.6,8,4,4,17.9
90098,NECKLACE+BRACELET PINK BUTTERFLY,71.39999999999999,28,9,9,7.933333333333333
22888,NUMBER TILE VINTAGE FONT 9 ,71.28999999999999,63,8,7,8.911249999999999
20933,YELLOW POT PLANT CANDLE,71.05,23,9,9,7.894444444444444
21100,CHARLIE AND LOLA CHARLOTTE BAG,70.95,43,8,7,8.86875
47589,CONGRATULATIONS BUNTING,70.85,13,3,3,23.616666666666664
51020B,STRIPY DESIGN SHOWER CAP,70.57,197,15,13,4.704666666666666
90164A,PINK ROSEBUD PEARL BRACELET,70.35,19,6,6,11.725
84661C,PINK SQUARE TABLE CLOCK,70.10000000000001,62,5,5,14.020000000000001
16161G,WRAP BAD HAIR DAY,70.0,700,22,22,3.1818181818181817
84881,BLUE WIRE SPIRAL CANDLE HOLDER,69.85,11,5,5,13.969999999999999
90124C,GREEN MURANO TWIST NECKLACE,69.65,7,4,4,17.4125
81952V,ROUND PURPLE CLOCK WITH SUCKER,69.35,365,24,22,2.889583333333333
22879,NUMBER TILE VINTAGE FONT 0,69.34,62,8,6,8.6675
46776A,WOVEN BUBBLE GUM CUSHION COVER,69.30000000000001,14,6,6,11.550000000000002
46776E,WOVEN CANDY CUSHION COVER ,69.3,14,5,5,13.86
90158,ST TROPEZ NECKLACE,69.3,14,6,6,11.549999999999999
23040,PAPER LANTERN 9 POINT SNOW STAR,69.0,12,4,4,17.25
84249A,"GREETING CARD,SQUARE, DOUGHNUTS",68.84,160,13,12,5.295384615384616
84231,EASTER BUNNY WITH BASKET ON BACK,68.25,105,18,13,3.7916666666666665
85198,ASSORTED FARMYARD ANIMALS IN BUCKET,68.06,86,6,6,11.343333333333334
90151,SILVER/NATURAL SHELL NECKLACE,68.0,8,4,2,17.0
22184,CAKE STAND VICTORIAN FILIGREE LARGE,68.0,8,4,3,17.0
90063B,BLACK VINT ART DEC CRYSTAL NECKLACE,68.0,8,5,5,13.6
17014A,ORIGAMI VANILLA INCENSE CONES,67.83,154,7,7,9.69
35921,EASTER BUNNY HANGING GARLAND,67.5,54,11,9,6.136363636363637
90003D,CRYSTAL PAIR HEART HAIR SLIDES,67.5,18,7,7,9.642857142857142
85049B,LUSH GREENS RIBBONS,67.5,54,13,13,5.1923076923076925
72811,SMALL ZINC/GLASS CANDLEHOLDER,67.25,49,6,6,11.208333333333334
90108,BLUE BLOSSOM HAIR CLIP,67.2,64,6,6,11.200000000000001
85197,SET OF 12 MINI BUNNIES IN A BUCKET,67.2,32,18,18,3.7333333333333334
35819P,"ACRYLIC HANGING JEWEL,PINK",66.55,95,7,7,9.507142857142856
84686,BEACH HUT MIRROR,66.39,49,8,7,8.29875
90164B,WHITE  ROSEBUD PEARL BRACELET,65.7,28,7,7,9.385714285714286
84906,PINK B'FLY C/COVER W BOBBLES,65.45,11,6,6,10.908333333333333
90000A,RASPBERRY ANT COPPER FLOWER NECKLAC,65.45,11,6,6,10.908333333333333
90125D,PURPLE BERTIE GLASS BEAD BAG CHARM,65.39999999999999,74,5,3,13.079999999999998
84247K,"FOLK ART GREETING CARD,pack/12",64.9,22,9,7,7.211111111111112
84247N,PACK/12 BLUE FOLKART CARDS,64.9,22,18,16,3.605555555555556
23235,BISCUIT TIN VINTAGE LEAF,64.56,24,3,3,21.52
90073,VINTAGE ENAMEL & CRYSTAL EARRINGS,64.35,13,4,4,16.0875
22285,"DECORATION HEN ON NEST, HANGING",64.35,39,3,3,21.45
23253,16 PC CUTLERY SET PANTRY DESIGN,63.8,4,1,1,63.8
21692,SILVER LATTICE VANILLA CANDLE POT,63.75,17,7,7,9.107142857142858
84875D,BLUE SQUARE COMPACT MIRROR,63.75,51,8,8,7.96875
90146,FINE SILVER NECKLACE W PASTEL FLOWE,63.75,13,3,3,21.25
85026B,EAU DE NILE JEWELLED T-LIGHT HOLDER,63.75,75,9,9,7.083333333333333
85188B,PINK METAL SWINGING BUNNY,63.74999999999999,75,8,8,7.968749999999999
90125C,TURQUOISE BERTIE GLASS BEAD CHARM,63.3,73,3,2,21.099999999999998
35815P,"ACRYLIC JEWEL SNOWFLAKE, PINK",63.28,162,5,5,12.656
22145,CHRISTMAS CRAFT HEART STOCKING ,63.0,30,1,1,63.0
84452,METAL RABBIT LADDER EASTER ,62.9,74,16,14,3.93125
47591B,SCOTTIES CHILDRENS APRON,62.7,38,10,9,6.2700000000000005
90010B,BLACK/WHITE GLASS/SILVER BRACELET,62.64999999999999,7,3,3,20.88333333333333
90010A,MIDNIGHT BLUE GLASS/SILVER BRACELET,62.64999999999999,7,5,5,12.529999999999998
35637C,PINK STRING CURTAIN WITH POLE,62.6,28,7,7,8.942857142857143
22407,MONEY BOX FIRST ADE DESIGN,62.5,50,13,11,4.8076923076923075
40046A,RED DAISY PAPER LAMPSHADE,62.5,50,6,6,10.416666666666666
84760S,SMALL HANGING GLASS+ZINC LANTERN,62.349999999999994,43,8,8,7.793749999999999
17011F,ORIGAMI SANDLEWOOD INCENSE+FLOWER,62.15,80,6,6,10.358333333333333
21087,SET/6 POSIES PAPER CUPS,62.12,126,10,10,6.212
20848,ZINC HEART LATTICE CHARGER SMALL,61.95,21,8,7,7.74375
90129B,TURQUOISE GLASS TASSLE BAG CHARM ,61.95,21,6,6,10.325000000000001
71496A,A4 WALL TIDY BLUE OFFICE,61.86000000000001,114,5,5,12.372000000000002
16151A,FLOWERS HANDBAG blue and orange,61.25,49,3,3,20.416666666666668
23541,"WALL ART ,PUDDINGS ",61.2,8,2,2,30.6
22949,SET OF 36 DOLLY GIRL PAPER DOILIES,60.9,42,12,12,5.075
21655,HANGING RIDGE GLASS T-LIGHT HOLDER,60.84,36,2,1,30.42
84859B,BLUE DISCO HANDBAG,60.68,30,10,10,6.068
84984D,ORIENTAL RED CUSHION COVER ,60.45,13,4,3,15.1125
37479B,CUBIC MUG FLOCK BLUE ON BROWN,60.33,127,17,16,3.5488235294117647
37467,PIG MUG IN TWO COLOUR DESIGNS,60.04,128,11,11,5.458181818181818
82011A,"BATHROOM SCALES, TROPICAL BEACH",60.0,16,10,8,6.0
46126A,ELVIS WALLHANGING / CURTAIN,60.0,48,6,5,10.0
90013A,MIDNIGHT BLUE VINTAGE EARRINGS,60.0,16,3,3,20.0
90173,PAIR BUTTERFLY HAIR CLIPS,60.0,16,3,3,20.0
22849,"BREAD BIN, DINER STYLE, MINT",59.8,4,1,1,59.8
22847,"BREAD BIN, DINER STYLE, IVORY",59.8,4,1,1,59.8
90124A,PINK MURANO TWIST NECKLACE,59.699999999999996,6,4,4,14.924999999999999
84910A,PINK PAISLEY CUSHION COVER ,59.5,10,6,6,9.916666666666666
84985A,SET OF 72 GREEN PAPER DOILIES,59.449999999999996,41,18,15,3.3027777777777776
84905,PINK BUTTERFLY CUSHION COVER ,59.400000000000006,12,2,2,29.700000000000003
46776D,WOVEN SUNSET CUSHION COVER ,59.400000000000006,12,3,3,19.8
21910,WAY OUT METAL SIGN ,59.400000000000006,36,8,8,7.425000000000001
23537,I LOVE LONDON WALL ART,59.400000000000006,12,2,2,29.700000000000003
23325,RUSTIC STRAWBERRY JAMPOT SMALL,59.400000000000006,36,3,3,19.8
90206C,CRYSTAL DIAMANTE STAR BROOCH,59.4,12,7,6,8.485714285714286
90183A,AMBER DROP EARRINGS W LONG BEADS,59.00000000000001,20,5,5,11.8
79071B,ENGLISH ROSE METAL WASTE BIN,59.0,20,11,10,5.363636363636363
90166,PINK & WHITE ROSEBUD RING,58.900000000000006,14,8,4,7.362500000000001
21946,PARTY TIME DESIGN FLANNEL,58.9,72,11,8,5.3545454545454545
79030D,"TUMBLER, BAROQUE",58.86,54,5,5,11.772
20760,GARDEN PATH POCKET BOOK,58.65,69,21,18,2.7928571428571427
90210B,CLEAR ACRYLIC FACETED BANGLE,58.6,40,6,6,9.766666666666667
71495B,CD WALL TIDY RED FLOWERS,58.56,160,5,4,11.712
23306,SET OF 36 PANTRY PAPER DOILIES,58.019999999999996,39,14,14,4.144285714285714
71406C,BLACK ORANGE SQUEEZER,57.96,138,21,13,2.7600000000000002
84466,TOP SECRET PEN SET,57.5,46,10,8,5.75
84597C,RETRO PINK BALL ASHTRAY ,57.5,46,13,11,4.423076923076923
85006,SET 4 NURSERY DES ROUND BOXES,57.25,55,9,9,6.361111111111111
90204,PAIR OF ENAMEL BUTTERFLY HAIRCLIP,56.95,17,8,8,7.11875
79051A,SMOKEY GREY COLOUR GLASS,56.83999999999999,196,11,10,5.167272727272726
44236,PINK/PURPLE CIRCLE CURTAIN,56.52,52,6,6,9.42
47341B,BLUE TABLE RUN FLOWER,56.25,45,11,11,5.113636363636363
84874B,BLUE TRAVEL FIRST AID KIT,56.1,34,7,7,8.014285714285714
85008,SET OF 3 CONEY ISLAND OVAL BOXES,55.95,12,7,7,7.992857142857143
90214A,"LETTER ""A"" BLING KEY RING",55.71,63,14,5,3.9792857142857145
84679,CLASSICAL ROSE TABLE LAMP,55.7,6,2,2,27.85
90036E,"FLOWER GLASS GARLD NECKL36""AMETHYST",55.650000000000006,7,5,4,11.13
21777,RECIPE BOX WITH METAL HEART,55.65,7,3,3,18.55
21002,ROSE DU SUD DRAWSTRING BAG,55.25,13,5,5,11.05
90185B,AMETHYST DIAMANTE EXPANDABLE RING,55.25,13,3,3,18.416666666666668
21722,SWEET PUDDING STICKER SHEET,55.24999999999999,65,15,13,3.6833333333333327
84750B,BLACK SMALL GLASS CAKE STAND,54.99,61,12,12,4.5825000000000005
20835,FRENCH LATTICE CUSHION COVER ,54.78,66,7,7,7.825714285714286
72132,COLUMBIAN CUBE CANDLE,54.599999999999994,28,12,9,4.55
46776C,WOVEN FROST CUSHION COVER,54.45,11,6,6,9.075000000000001
90081C,LILY BROOCH OLIVE COLOUR,54.45,11,6,6,9.075000000000001
20759,CHRYSANTHEMUM POCKET BOOK ,54.4,64,20,17,2.7199999999999998
16046,TEATIME PEN CASE & PENS,54.4,64,13,13,4.184615384615385
37333,"RETRO ""TEA FOR ONE"" ",54.3,14,11,9,4.9363636363636365
20869,GOLD FABRIC MIRROR,54.21,139,17,17,3.188823529411765
20793,BLUE TILED TRAY,54.0,8,4,4,13.5
79323B,BLACK CHERRY LIGHTS,54.0,8,1,1,54.0
23389,SPACEBOY MINI RUCKSACK,53.95,13,4,4,13.4875
84927A,WAKE UP COCKEREL TILE HOOK,53.85,46,14,12,3.8464285714285715
72801G,4 BURGUNDY WINE DINNER CANDLES,53.75,43,11,9,4.886363636363637
20851,ZINC HEART LATTICE TRAY OVAL ,53.550000000000004,9,7,5,7.65
82095,HEART BUTTONS JEWELLERY BOX,53.550000000000004,7,4,4,13.387500000000001
20756,GREEN FERN POCKET BOOK,53.55,63,22,20,2.434090909090909
47586A,PINK FAIRY CAKE CUSHION COVER,53.55,21,8,7,6.69375
20857,BLUE ROSE PATCH PURSE PINK BUTTERFL,52.8,32,8,7,6.6
35968,FOLK ART METAL HEART T-LIGHT HOLDER,52.760000000000005,145,18,14,2.9311111111111114
37479P,CUBIC MUG FLOCK PINK ON BROWN,52.5,118,20,15,2.625
84805A,CREAM CLIMBING HYDRANGA ART FLOWER,52.5,30,3,3,17.5
90176D,DIAMANTE NECKLACE PURPLE,52.5,7,4,4,13.125
90039D,FIRE POLISHED GLASS BRACELET GREEN,52.5,14,2,2,26.25
84805B,BLUE CLIMBING HYDRANGA ART FLOWER,52.5,38,3,3,17.5
84842,HELLO SAILOR BATHROOM SET,52.5,14,9,8,5.833333333333333
23035,DOORKNOB CERAMIC IVORY,52.2,36,1,1,52.2
23196,RETO LEAVES MAGNETIC SHOPPING LIST,52.199999999999996,36,3,3,17.4
35649,VINTAGE BEAD COSMETIC BAG ,51.82,16,6,5,8.636666666666667
85028S,FRENCH CHATEAU SMALL FRUITBOWL,51.599999999999994,24,8,8,6.449999999999999
84597B,RETRO BROWN BALL ASHTRAY ,51.25,41,5,3,10.25
90194,SILVER LARIAT BLACK STONE EARRINGS,51.0,12,6,6,8.5
90196B,BLACK GEMSTONE NECKLACE 45CM,51.0,4,4,4,12.75
90099,NECKLACE+BRACELET SET BLUE HIBISCUS,50.99999999999999,20,13,12,3.9230769230769225
84872A,TEATIME FUNKY FLOWER BACKPACK FOR 2,50.849999999999994,3,3,3,16.95
90199A,5 STRAND GLASS NECKLACE BLACK,50.8,8,3,3,16.933333333333334
20910,VINTAGE PHOTO ALBUM PARIS DAYS,50.8,8,3,2,16.933333333333334
21460,GREEN EASTER EGG HUNT START POST,50.699999999999996,26,9,9,5.633333333333333
17007B,S/3 POT POURI CUSHIONS BLUE COLOURS,50.400000000000006,24,2,2,25.200000000000003
47348A,FUSCHIA VOILE POINTY SHOE DEC,50.31,97,15,11,3.354
44242B,PINK FEATHERS CURTAIN,50.28,52,3,3,16.76
35265,COLOURFUL FLOWER FRUIT BOWL,50.25,16,11,11,4.568181818181818
90177D,DROP DIAMANTE EARRINGS PURPLE,50.150000000000006,17,6,5,8.358333333333334
90129C,GREEN GLASS TASSLE BAG CHARM,50.150000000000006,17,6,6,8.358333333333334
72812,LARGE ZINC GLASS CANDLEHOLDER,49.98,18,4,3,12.495
21031,SPACE CADET BLACK,49.96,39,10,9,4.996
90086,CRYSTAL FROG PHONE CHARM,49.92999999999999,85,11,5,4.539090909090908
23197,VEGETABLE MAGNETIC  SHOPPING LIST,49.8,36,3,3,16.599999999999998
23015,CORDIAL JUG,49.5,6,2,2,24.75
23413,DECROTIVEVINTAGE COFFEE GRINDER BOX,49.5,10,4,4,12.375
84497,BUTTONS AND STRIPES NOTEBOOK ,48.75,13,7,7,6.964285714285714
72133,COLUMBIAN CANDLE RECTANGLE,48.75,39,13,11,3.75
21720,CAKE SHOP  STICKER SHEET,48.449999999999996,57,8,8,6.0562499999999995
21943,CAKES AND RABBITS DESIGN FLANNEL ,48.449999999999996,57,10,7,4.845
84402B,PURPLE DRESS JEWELLERY STAND,48.19,61,3,3,16.063333333333333
90031,BILI NUT AND WOOD NECKLACE,48.0,48,5,5,9.6
21816,CHRISTMAS TREE T-LIGHT HOLDER,47.849999999999994,33,7,6,6.8357142857142845
90036A,FLOWER GARLAND NECKLACE RED,47.7,6,4,3,11.925
90036C,"FLOWER GLASS GARLAND NECKL.36""BLUE",47.7,6,2,2,23.85
23539,"WALL ART , LOVES' SECRET ",47.6,8,2,2,23.8
90070,RUBY GLASS CLUSTER BRACELET,47.6,8,3,3,15.866666666666667
90123B,TURQUOISE HEART OF GLASS BRACELET,47.6,8,4,4,11.9
21109,"LARGE CAKE TOWEL, CHOCOLATE SPOTS",47.25,7,4,4,11.8125
17084J,LOVE POTION MASALA INCENSE,47.25,225,8,8,5.90625
90129F,RED GLASS TASSLE BAG CHARM,47.2,16,5,5,9.440000000000001
84715,SET OF 6 ICE CREAM SKITTLES,47.2,16,3,3,15.733333333333334
84706F,RED PEONY TABLE CLOCK,47.2,16,10,9,4.720000000000001
84086B,YELLOW/BLUE RETRO RADIO,47.2,16,7,3,6.742857142857143
72134,COLUMBIAN  CUBE CANDLE ,47.18,98,8,6,5.8975
84750A,PINK SMALL GLASS CAKE STAND,46.8,24,1,1,46.8
84857B,BLUE MONTE CARLO HANDBAG,46.8,24,1,1,46.8
84549,CROCHET WHITE RABBIT KEYRING ,46.349999999999994,31,3,3,15.449999999999998
23107,WHITE WIRE PLANT POT HOLDER,46.24,16,2,2,23.12
84801B,WHITE HYDRANGEA ART FLOWER,46.2,22,3,3,15.4
85160B,BLACK BIRD GARDEN DESIGN MUG,46.11,105,15,15,3.074
23047,PAPER LANTERN 5 POINT STUDDED STAR,46.0,8,4,4,11.5
85031A,ROMANTIC IMAGES SCRAP BOOK SET,45.9,16,7,7,6.557142857142857
35916C,PINK FELT HANGING HEART W FLOWER,45.9,54,5,5,9.18
21089,SET/6 GREEN SPRING PAPER CUPS,45.73,231,24,23,1.9054166666666665
84247L,FAWN AND MUSHROOM GREETING CARD,45.36,108,8,8,5.67
90003C,MIDNIGHT BLUE PAIR HEART HAIR SLIDE,45.0,12,5,5,9.0
35833P,4 PINK FLOCK CHRISTMAS BALLS,45.0,36,11,8,4.090909090909091
90155,RESIN NECKLACE W PASTEL BEADS,45.0,6,4,4,11.25
21413,PERIWINKLE T-LIGHT HOLDER,45.0,36,10,8,4.5
90133,TEAL/FUSCHIA COL BEAD NECKLACE,44.55,9,3,3,14.85
21847,GREEN  DIAMANTE PEN IN GIFT BOX,44.55,9,5,5,8.91
90161A,ANT COPPER RED BOUDICCA BRACELET,44.55,9,6,6,7.425
90142D,MOP PENDANT SHELL NECKLACE,44.55,9,3,3,14.85
90082D,DIAMANTE BOW BROOCH BLACK COLOUR,44.449999999999996,7,4,4,11.112499999999999
85185D,FROG SOCK PUPPET,44.25000000000001,15,8,7,5.531250000000001
20653,CHERRY BLOSSOM LUGGAGE TAG,43.67,33,6,5,7.278333333333333
47344B,BLUE FLOWER DES PURSE,43.66,44,6,6,7.276666666666666
79063C,"RETRO PILL BOX KEY CHAIN,THE KING",43.65,235,14,13,3.117857142857143
20697,LITTLE GREEN MONSTER SOFT TOY,43.349999999999994,17,9,8,4.816666666666666
46138B,BLUE CHENILLE SHAGGY CUSHION COVER ,43.15,43,12,8,3.595833333333333
90035A,"PEARL & SHELL 42""NECKL. GREEN",43.0,4,2,1,21.5
79144B,PAINTED LIGHTBULB STAR+ MOON,42.54,107,15,14,2.836
22987,WRAP SUMMER ROSE DESIGN,42.0,100,4,4,10.5
17084A,TRANQUILITY MASALA INCENSE,42.0,200,7,7,6.0
16156L,"WRAP, CAROUSEL",42.0,100,4,4,10.5
23231,WRAP  VINTAGE DOILEY ,42.0,100,2,2,21.0
90051,CRACKED GLAZE NECKLACE RED,41.7,6,3,3,13.9
90050,CRACKED GLAZE NECKLACE IVORY,41.7,6,2,2,20.85
23045,PAPER LANTERN 5 POINT STAR MOON 30,41.5,10,5,5,8.3
15030,FAN BLACK FRAME ,41.47,143,12,11,3.455833333333333
90162C,ANT SILVER FUSCHIA BOUDICCA RING,41.300000000000004,14,7,3,5.9
23448,CREAM BUNNY EASTER EGG BASKET,41.25,25,3,3,13.75
90013C,GREEN VINTAGE EARRINGS ,41.25,11,4,4,10.3125
75013B,"STRING OF 8 BUTTERFLIES,PINK",41.25,25,6,6,6.875
84921,CREAM AND PINK FLOWERS PONY ,41.25,11,5,5,8.25
90064B,BLACK VINTAGE  CRYSTAL EARRINGS,41.25,11,6,6,6.875
20662,FIRST CLASS HOLIDAY PURSE ,40.97,11,5,4,8.193999999999999
84673A,PINK FLY SWAT,40.95,63,25,21,1.6380000000000001
90174,BUTTERFLY HAIR BAND,40.8,16,4,4,10.2
23148,MINITURE ANTIQUE ROSE HOOK IVORY,40.8,48,4,4,10.2
20698,LITTLE PINK MONSTER SOFT TOY,40.8,16,7,7,5.828571428571428
90065A,WHITE VINTAGE CRYSTAL BRACELET,40.5,6,3,3,13.5
10120,DOGGY RUBBER,40.32,192,29,25,1.390344827586207
85092,CANDY SPOT TEA COSY,40.05,27,2,2,20.025
17012E,ORIGAMI OPIUM INCENSE/CANDLE SET ,40.05,35,3,3,13.35
90214C,"LETTER ""C"" BLING KEY RING",40.04,52,9,7,4.448888888888889
23462,ROCOCO WALL MIROR,39.9,2,1,1,39.9
90124B,BLUE MURANO TWIST NECKLACE,39.8,4,3,3,13.266666666666666
84725,FREESTYLE CANVAS ART PICTURE,39.65,41,18,16,2.2027777777777775
90122A,PINK CRYSTAL+GLASS BRACELET,39.6,8,3,3,13.200000000000001
22972,CHILDRENS SPACEBOY MUG,39.6,24,2,2,19.8
84927D,LA PALMIERA TILE HOOK,39.39,44,11,9,3.580909090909091
84575A,PINK DOG CANNISTER,39.3,14,4,4,9.825
21307,SET/4 BUTTERFLY MIRROR MAGNETS,39.199999999999996,79,13,11,3.015384615384615
22950,SET OF 36 VINTAGE CHRISTMAS DOILIES,39.15,27,6,6,6.5249999999999995
84534B,FAIRY CAKE NOTEBOOK A5 SIZE,39.1,46,5,5,7.82
35910A,MULTICOLOUR EASTER RABBIT ,39.0,20,4,4,9.75
47341A,FUSCHIA TABLE RUN FLOWER ,38.75,27,5,5,7.75
21393,BLUE POLKADOT PUDDING BOWL,38.67,29,7,7,5.524285714285715
16207A,PINK STRAWBERRY HANDBAG ,38.35000000000001,13,5,4,7.670000000000002
90177C,DROP DIAMANTE EARRINGS CRYSTAL,38.35000000000001,13,3,3,12.783333333333337
85089,CANDY SPOT BUNNY,38.35,13,5,5,7.67
84925D,LA PALMIERA WALL THERMOMETER,38.25,15,10,8,3.825
85086A,CANDY SPOT HEART DECORATION,38.25,45,8,8,4.78125
90101,WHITE FRANGIPANI NECKLACE,38.25,15,4,3,9.5625
84617,NEW BAROQUE BLACK BOXES,38.25,3,3,3,12.75
84907,PINK YELLOW PATCH CUSHION COVER,38.25,5,3,3,12.75
21392,RED POLKADOT PUDDING BOWL,38.129999999999995,32,6,5,6.3549999999999995
23038,T-LIGHT HOLDER SILVER SAUCER,38.03,41,6,4,6.338333333333334
81952B,ROUND BLUE CLOCK WITH SUCKER,38.0,200,9,9,4.222222222222222
84033,FLAG OF ST GEORGE ,37.95,23,7,7,5.421428571428572
84809B,PINK CHRYSANTHEMUMS ART FLOWER,37.8,18,1,1,37.8
20700,GREEN CAT FLORAL CUSHION COVER ,37.5,10,4,4,9.375
90002D,FLOWER BURST SILVER RING CRYSTAL,37.5,10,6,5,6.25
90072,RUBY DROP CHANDELIER EARRINGS,37.5,10,3,2,12.5
23043,PAPER LANTERN 9 POINT HOLLY STAR 40,37.5,6,3,3,12.5
72709,IVORY SCULPTED RND CANDLE ,37.39999999999999,44,7,4,5.342857142857142
47420,ASSORTED COLOUR SUCTION CUP HOOK,37.24,196,13,11,2.8646153846153846
22837,HOT WATER BOTTLE BABUSHKA LARGE,37.2,8,1,1,37.2
84751B,BLACK MEDIUM GLASS CAKE STAND,37.11,17,8,8,4.63875
71510,SQUARE METAL CANDLEHOLDER BASE,36.519999999999996,52,8,5,4.5649999999999995
17090D,VANILLA INCENSE 40 CONES IN TIN,36.25,29,12,6,3.0208333333333335
90210A,GREY ACRYLIC FACETED BANGLE,35.9,26,3,3,11.966666666666667
85216,ASSORTED CAKES FRIDGE MAGNETS,35.75,55,8,6,4.46875
35911B,PINK/FLOWER RABBIT EGG WARMER ,35.7,17,4,4,8.925
90000D,COPPER/OLIVE GREEN FLOWER NECKLACE,35.7,6,4,4,8.925
84798A,PINK FOXGLOVE ARTIIFCIAL FLOWER,35.699999999999996,14,3,3,11.899999999999999
90012B,BLACK DROP CRYSTAL NECKLACE,35.400000000000006,12,2,2,17.700000000000003
90186B,CRYSTAL HOOP EARRING FLORAL LEAF,35.400000000000006,12,6,6,5.900000000000001
90202D,PINK ENAMEL FLOWER HAIR TIE,35.400000000000006,12,2,2,17.700000000000003
20661,BLUE POLKADOT PURSE ,35.07,9,5,3,7.014
72369A,PINK CLEAR GLASS CANDLE PLATE,35.0,28,3,3,11.666666666666666
23196,LEAVES MAGNETIC  SHOPPING LIST,34.8,24,2,2,17.4
90049,IVORY GOLD METAL BAG CHARM,34.77,5,3,2,11.590000000000002
90214K,"LETTER ""K"" BLING KEY RING",34.75,47,12,6,2.8958333333333335
79063D,"RETRO PILL BOX , REVOLUTIONARY",34.72,188,10,9,3.472
90157,RIVIERA NECKLACE,34.65,7,2,2,17.325
71495A,CD WALL TIDY BLUE OFFICE,34.56,96,2,2,17.28
84226,HEN HOUSE W FAMILY IN BARN & NEST,34.510000000000005,49,9,9,3.834444444444445
22407,MONEY BOX FIRST AID DESIGN,34.32,43,10,9,3.432
20827,GOLD APERITIF GLASS,34.32,88,2,1,17.16
84251G,"GREETING CARD, OVERCROWDED POOL.",34.199999999999996,180,15,15,2.28
90023,FILIGREE DIAMANTE EARRINGS,34.0,8,4,2,8.5
90024B,NEW BAROQUE B'FLY NECKLACE RED,34.0,4,2,2,17.0
90018B,GOLD M.O.P ORBIT DROP EARRINGS,34.0,8,5,5,6.8
84922,PINK BUTTERFLY WASHBAG,34.0,8,5,5,6.8
84873A,FUNKY FLOWER PICNIC BAG FOR 4,33.9,2,2,2,16.95
20980,36 PENCILS TUBE POSY,33.75,27,11,10,3.0681818181818183
90087,CRYSTAL SEA HORSE PHONE CHARM,33.66,90,8,4,4.2075
81950B,FLOWER BLUE CLOCK WITH SUCKER,33.64,116,8,8,4.205
72783,BLACK SIL'T SQU CANDLE PLATE ,33.6,16,2,2,16.8
23390,DOLLY GIRL MINI RUCKSACK,33.2,8,2,2,16.6
37423,WHITE WITH BLACK CATS PLATE,33.18,78,3,3,11.06
62094B,TURQ ICE CREAM BUM BAG ,33.150000000000006,13,3,2,11.050000000000002
90094,NECKLACE+BRACELET SET FRUIT SALAD ,33.15,13,12,12,2.7624999999999997
84906,PINK BUTTERFLY CUSHION COVER,33.15,17,4,3,8.2875
17109D,FLOWER FAIRY INCENSE BOUQUET,32.349999999999994,61,5,4,6.469999999999999
84824,DANISH ROSE UMBRELLA STAND,31.9,2,2,2,15.95
90036F,"FLOWER GLASS GARLD NECKL36""TURQUOIS",31.8,4,1,1,31.8
90036B,"FLOWER GLASS GARLAND NECKL.36""GREEN",31.8,4,2,2,15.9
23366,SET 12 COLOUR PENCILS DOILEY,31.200000000000003,48,3,3,10.4
37444A,YELLOW BREAKFAST CUP AND SAUCER,31.130000000000003,47,14,9,2.2235714285714288
79406,FROSTED WHITE BASE ,30.8,140,6,6,5.133333333333334
22937,BAKING MOULD CHOCOLATE CUP CAKES,30.6,12,2,2,15.3
85018D,YULETIDE IMAGES S/6 PAPER BOXES,30.6,12,7,6,4.371428571428572
22937,BAKING MOULD CUPCAKE CHOCOLATE,30.6,12,1,1,30.6
44228,CANNABIS LEAF BEAD CURTAIN,30.599999999999998,36,2,2,15.299999999999999
37444C,PINK BREAKFAST CUP AND SAUCER ,30.45,19,7,5,4.35
90022,EDWARDIAN DROP EARRINGS JET BLACK,30.0,8,4,4,7.5
20878,SET/9 CHRISTMAS T-LIGHTS SCENTED ,30.0,24,7,7,4.285714285714286
22953,BIRTHDAY BANNER TAPE,30.0,24,1,1,30.0
35610B,BLACK CHRISTMAS FLOCK DROPLET ,30.0,24,1,1,30.0
23250,ENAMEL BOWL PANTRY,30.0,24,2,2,15.0
21486,PINK HEART DOTS HOT WATER BOTTLE,30.0,8,4,4,7.5
23252,ENAMEL JUG PANTRY,30.0,8,2,2,15.0
23437,GIFT BAG LARGE 50'S CHRISTMAS,30.0,24,2,2,15.0
90163A,PINK ROSEBUD & PEARL NECKLACE,30.0,4,2,2,15.0
35610C,WHITE CHRISTMAS FLOCK DROPLET ,30.0,24,1,1,30.0
90003E,GREEN PAIR HEART HAIR SLIDES,30.0,8,2,2,15.0
23396,BUTTERFLY CUSHION COVER,30.0,8,2,2,15.0
21310,CAPIZ CHANDELIER,29.95,1,1,1,29.95
21667,GLASS CAKE COVER AND PLATE,29.9,2,1,1,29.9
90014C,SILVER/BLACK ORBIT NECKLACE,29.849999999999998,3,2,2,14.924999999999999
90136,PALE PINK/AMETHYST STONE NECKLACE,29.849999999999998,3,2,2,14.924999999999999
90180B,PURPLE AMETHYST NECKLACE W TASSEL,29.849999999999998,3,3,3,9.95
84251B,"GREETING CARD, STICKY GORDON",29.83,157,14,12,2.130714285714286
90211A,DIAMOND LAS VEGAS NECKLACE 45CM,29.75,5,3,3,9.916666666666666
22597,CHRISTMAS MUSICAL ZINC HEART ,29.75,35,5,5,5.95
23530,"WALL ART,ONLY ONE PERSON ",29.700000000000003,6,1,1,29.700000000000003
21757,LIGHTHOUSE PRINTED METAL SIGN,29.700000000000003,6,3,3,9.9
90135,ORANGE/WHT/FUSCHIA STONES NECKLACE,29.700000000000003,6,1,1,29.700000000000003
90206A,GOLD DIAMANTE STAR BROOCH,29.7,6,3,2,9.9
90141B,IVORY PENDANT TRIPLE SHELL NECKLACE,29.7,6,2,2,14.85
21040,MODERN VINTAGE COTTON SHOPPING BAG,29.7,22,8,8,3.7125
35816P,"ACRYLIC JEWEL ANGEL,PINK",29.64,78,2,2,14.82
17136A,BLUE STONES ON WIRE FOR CANDLE,29.59,352,17,16,1.7405882352941175
90162D,ANT SILVER PURPLE BOUDICCA RING,29.500000000000004,10,5,3,5.9
90067A,PINK VINTAGE VICTORIAN EARRINGS,29.500000000000004,10,3,3,9.833333333333334
84465,15 PINK FLUFFY CHICKS IN BOX,29.5,10,7,7,4.214285714285714
82605,OLD DOC RUSSEL METAL SIGN,29.4,14,3,3,9.799999999999999
20670,VIP HOLIDAY PURSE,29.28,8,6,5,4.88
85030,FRENCH CHATEAU OVAL PLATTER,29.25,15,6,6,4.875
90214L,"LETTER ""L"" BLING KEY RING",29.189999999999998,51,5,4,5.837999999999999
35913B,WHITE/PINK CHICK EASTER DECORATION,28.9,34,9,8,3.211111111111111
17165D,ASS COL LARGE SAND FROG P'WEIGHT,28.35,27,7,6,4.05
23380,PACK OF 12 DOILEY TISSUES,28.08,72,2,2,14.04
16254,TRANSPARENT ACRYLIC TAPE DISPENSER,27.91,31,9,7,3.101111111111111
84613A,PINK NEW BAROQUE FLOCK CANDLESTICK,27.9,6,3,3,9.299999999999999
90131,PINK/AMETHYST/GOLD NECKLACE,27.8,4,1,1,27.8
90214E,"LETTER ""E"" BLING KEY RING",27.25,41,8,6,3.40625
90116,FRUIT SALAD BAG CHARM,27.04,16,3,3,9.013333333333334
79323P,PINK CHERRY LIGHTS,27.0,4,1,1,27.0
23702,High Resolution Image,27.0,4,3,3,9.0
44235,ASSORTED COLOURED CIRCLE MOBILE ,26.88,64,7,6,3.84
84199,GLOW IN DARK DOLPHINS,26.88,128,28,28,0.96
90175D,TIGRIS EYE CHUNKY CHARM BRACELET,26.849999999999998,3,2,2,13.424999999999999
35598A,DUSTY PINK CHRISTMAS TREE 60CM,26.550000000000004,9,2,2,13.275000000000002
90130B,TURQ STONE/CRYSTAL EARRINGS,26.55,9,3,3,8.85
84675,FROG KING WATERING CAN,26.55,9,2,2,13.275
90205A,LARGE MINT DIAMANTE HAIRSLIDE,26.4,16,6,6,4.3999999999999995
84539,KNITTED RABBIT DOLL ,26.4,16,1,1,26.4
72140E,BEST DAD CANDLE LETTERS,26.349999999999998,31,8,8,3.2937499999999997
90064A,WHITE VINTAGE CRYSTAL EARRINGS,26.25,7,3,3,8.75
90144,SILVER DROP EARRINGS WITH FLOWER,26.25,7,3,3,8.75
85017C,ENVELOPE 50 CURIOUS IMAGES,26.17,49,10,10,2.617
21011,GLITTER SNOW PEAR TREE DECORATION,26.099999999999998,18,2,2,13.049999999999999
84510E,SET OF 4 GREEN CAROUSEL COASTERS,26.05,25,9,9,2.8944444444444444
90214S,"LETTER ""S"" BLING KEY RING",26.0,40,6,5,4.333333333333333
90214D,"LETTER ""D"" BLING KEY RING",25.71,39,7,5,3.672857142857143
84706D,CHERRY BLOSSOM TABLE CLOCK ,25.7,6,3,3,8.566666666666666
90026C,GLASS BEAD HOOP NECKLACE GREEN,25.5,3,2,2,12.75
84840,SWEETHEART CARRY-ALL BASKET,25.5,3,3,3,8.5
84968B,SET OF 16 VINTAGE IVORY CUTLERY,25.5,2,2,2,12.75
90029,NEW BAROQUE SMALL NECKLACE BLACK,25.5,3,2,2,12.75
90018C,SILVER BLACK ORBIT DROP EARRINGS,25.5,6,3,3,8.5
90026D,GLASS BEAD HOOP NECKLACE AMETHYST,25.5,3,3,3,8.5
90208,PAIR OF PINK FLOWER CLUSTER SLIDE,25.5,10,4,4,6.375
84803B,WHITE ALLIUM  ARTIFICIAL FLOWER,25.35,15,3,3,8.450000000000001
35910B,PINK FLOWERS RABBIT EASTER,25.349999999999998,13,3,3,8.45
23104,IVORY PANTRY HANGING LAMP ,25.0,2,1,1,25.0
23214,BELL HEART ANTIQUE GOLD,24.96,12,1,1,24.96
23240,SET OF 4 KNICK KNACK TINS  DOILEY ,24.9,6,1,1,24.9
90125B,AQUA BERTIE GLASS BEAD BAG CHARM,24.9,19,3,3,8.299999999999999
90043,COPPER AND BRASS BAG CHARM,24.810000000000002,4,2,2,12.405000000000001
90079,VINTAGE ENAMEL & CRYSTAL NECKLACE,24.75,5,2,2,12.375
20820,SILVER LOOKING MIRROR,24.75,5,2,2,12.375
84854,GIRLY PINK TOOL SET,24.75,5,1,1,24.75
20778,GARDEN PATH NOTEBOOK ,24.75,15,8,8,3.09375
84548,CROCHET BEAR RED/BLUE  KEYRING,24.75,15,3,3,8.25
37468,HARDMAN MUG 3 ASSORTED,24.57,63,12,11,2.0475
90040C,MURANO STYLE GLASS BRACELET GOLD,24.5,7,3,3,8.166666666666666
79144C,PAINTED LIGHTBULB RAINBOW DESIGN,24.06,63,6,5,4.01
84993B,75 BLACK PETIT FOUR CASES,23.94,57,17,16,1.408235294117647
22125,UNION JACK HOT WATER BOTTLE ,23.8,4,1,1,23.8
90211B,JET BLACK LAS VEGAS NECKLACE 45CM,23.8,4,2,2,11.9
21357,TOAST ITS - DINOSAUR,23.75,19,10,9,2.375
35909B,PINK FLOWERS RABBIT EASTER,23.6,8,2,2,11.8
47369A,PINK GREEN EMBROIDERY COSMETIC BAG,23.6,8,6,6,3.9333333333333336
90014A,SILVER M.O.P. ORBIT NECKLACE,23.6,8,3,3,7.866666666666667
35909A,RABBIT EASTER DECORATION,23.6,8,3,3,7.866666666666667
90012A,MIDNIGHT BLUE DROP CRYSTAL NECKLACE,23.6,8,2,2,11.8
90129D,AMBER GLASS TASSLE BAG CHARM,23.6,8,2,2,11.8
21336,GOLD WASHBAG,23.6,8,3,3,7.866666666666667
23244,CANNISTER VINTAGE LEAF DESIGN,23.4,12,2,2,11.7
84522,PINK PARTY SUNGLASSES,23.4,12,6,6,3.9
22246,"GARLAND, MAGIC GARDEN 1.8M",23.4,12,1,1,23.4
23106,ZINC PLANT POT HOLDER,23.12,8,1,1,23.12
85195,HANGING HEART BASKET,23.1,11,3,3,7.7
85206B,PINK FELT EASTER EGG BASKET,23.099999999999998,14,4,4,5.7749999999999995
23145,ZINC T-LIGHT HOLDER STARS LARGE,22.8,24,2,2,11.4
20701,PINK CAT FLORAL CUSHION COVER ,22.5,6,3,3,7.5
90038B,GLASS AND PAINTED BEADS BRACELET OL,22.5,6,1,1,22.5
90176E,DIAMANTE NECKLACE GREEN,22.5,3,2,2,11.25
90212C,PURPLE LAS VEGAS BRACELET ROUND,22.5,6,2,2,11.25
90039A,FIRE POLISHED GLASS BRACELET RED,22.5,6,1,1,22.5
90038C,GLASS AND BEADS BRACELET IVORY,22.5,6,1,1,22.5
90039B,FIRE POLISHED GLASS BRACELET MONTAN,22.5,6,1,1,22.5
90038A,GLASS AND PAINTED BEADS BRACELET TO,22.5,6,1,1,22.5
90003B,ROSE COLOUR PAIR HEART HAIR SLIDES,22.5,6,3,3,7.5
90214M,"LETTER ""M"" BLING KEY RING",22.23,27,5,3,4.446
84306,S/3 PINK SQUARE PLANTERS ROSES,21.9,2,2,2,10.95
90035C,"PEARL & SHELL 42""NECKL. IVORY",21.5,2,1,1,21.5
84387A,BIRD ON BRANCH CANVAS SCREEN,21.45,11,1,1,21.45
20695,FLORAL BLUE MONSTER,21.25,5,4,4,5.3125
90001D,ANTIQUE OLIVE GREEN FLOWER EARRINGS,21.25,5,3,3,7.083333333333333
79191D,RETRO PLASTIC DAISY TRAY,21.249999999999996,25,7,7,3.035714285714285
23692,WRAP A PRETTY THANK YOU,21.0,50,2,2,10.5
23691,KEEP CALM BIRTHDAY WRAP,21.0,50,2,2,10.5
90040A,MURANO STYLE GLASS BRACELET RED,21.0,6,2,2,10.5
16169P,WRAP GREEN RUSSIAN FOLKART ,21.0,50,2,2,10.5
17001,HEAVENS SCENT FRAGRANCE OILS ASSTD,20.88,72,1,1,20.88
90195B,BLACK GEMSTONE BRACELET,20.849999999999998,3,3,3,6.949999999999999
23388,WOODLAND MINI RUCKSACK ,20.75,5,2,2,10.375
90129A,PINK GLASS TASSLE BAG CHARM ,20.650000000000002,7,3,3,6.883333333333334
90011B,BLACK CRYSTAL DROP EARRINGS,20.650000000000002,7,2,2,10.325000000000001
90177B,DROP DIAMANTE EARRINGS BLACK DIAMON,20.650000000000002,7,2,2,10.325000000000001
90202B,WHITE ENAMEL FLOWER HAIR TIE,20.650000000000002,7,2,2,10.325000000000001
90202C,GREEN ENAMEL FLOWER HAIR TIE,20.650000000000002,7,2,2,10.325000000000001
90103,PURPLE FRANGIPANI NECKLACE,20.4,8,2,2,10.2
90096,NECKLACE+BRACELET SET BLUE BLOSSOM,20.4,8,3,3,6.8
90085,CRYSTAL STILETTO PHONE CHARM,20.4,24,2,2,10.2
90093,CLEAR CRYSTAL STAR PHONE CHARM,20.39,47,6,5,3.3983333333333334
20818,GOLD TEDDY BEAR,20.0,12,2,2,10.0
22776,"CAKESTAND, 3 TIER, LOVEHEART",19.9,2,1,1,19.9
21681,GIANT MEDINA STAMPED METAL BOWL ,19.9,2,2,2,9.95
90138,WHITE/PINK MINI CRYSTALS NECKLACE,19.8,4,1,1,19.8
90141C,TURQ PENDANT TRIPLE SHELL NECKLACE,19.8,4,2,2,9.9
90141A,GREEN PENDANT TRIPLE SHELL NECKLACE,19.8,4,2,2,9.9
22351,DOTCOMGIFTSHOP TEA TOWEL,19.8,12,1,1,19.8
90019C,SILVER BLACK ORBIT BRACELET,19.8,4,3,3,6.6000000000000005
23029,DOORKNOB CRACKED GLAZE GREEN,19.8,12,2,2,9.9
23031,DOORKNOB CRACKED GLAZE PINK,19.8,12,2,2,9.9
23249,ENAMEL DINNER PLATE PANTRY,19.8,12,1,1,19.8
85024C,PINK SMALL JEWELLED PHOTOFRAME,19.799999999999997,12,9,8,2.1999999999999997
37487B,YELLOW/ORANGE FLOWER DESIGN PLATE,19.72,68,2,2,9.86
85028L,FRENCH CHATEAU LARGE FRUIT BOWL ,19.5,10,4,4,4.875
79062D,"RETRO TIN ASHTRAY,REVOLUTIONARY",19.4,52,4,4,4.85
85047,WHITE BEADED GARLAND STRING 20LIGHT,19.049999999999997,3,2,2,9.524999999999999
20901,VINTAGE KEEPSAKE BOX PINK FLOWER,19.049999999999997,3,2,2,9.524999999999999
72051S,BAG OF SILVER STONES,18.9,45,5,5,3.78
90214I,"LETTER ""I"" BLING KEY RING",18.77,25,3,3,6.256666666666667
21416,CLAM SHELL LARGE,18.75,5,4,4,4.6875
21538,DAIRY MAID  PUDDING BOWL,18.75,5,2,2,9.375
23056,CRYSTAL CHANDELIER T-LIGHT HOLDER,18.75,3,1,1,18.75
21018,BIRD BOX CHRISTMAS TREE DECORATION,18.7,22,4,4,4.675
90214Y,"LETTER ""Y"" BLING KEY RING",18.65,61,3,3,6.216666666666666
90214G,"LETTER ""G"" BLING KEY RING",18.5,34,7,5,2.642857142857143
35607B,BLACK FEATHER CHRISTMAS DECORATION,18.240000000000002,96,7,7,2.605714285714286
72821,CUPID SCENTED CANDLE IN GLASS,18.15,11,4,4,4.5375
23079, TOADSTOOL BEDSIDE LIGHT ,17.9,2,1,1,17.9
90074,BLACK DIAMOND CLUSTER NECKLACE,17.9,2,1,1,17.9
84798B,PURPLE FOXGLOVE ARTIIFCIAL FLOWER,17.85,7,2,2,8.925
90179A,AMBER FINE BEAD NECKLACE W TASSEL,17.85,3,2,2,8.925
90152A,SILVER/NAT SHELL NECKLACE W PENDANT,17.85,3,3,3,5.95
90123D,WHITE HEART OF GLASS BRACELET,17.85,3,2,2,8.925
21661,VINTAGE GLASS TEA CADDY,17.85,3,3,3,5.95
90060D,FIRE POLISHED GLASS NECKL BRONZE,17.85,3,3,3,5.95
90000B,MIDNIGHT BLUE COPPER FLOWER NECKLAC,17.85,3,2,2,8.925
90182C,BLACK 3 BEAD DROP EARRINGS,17.700000000000003,6,1,1,17.700000000000003
90177A,CLASSIC DIAMANTE EARRINGS JET,17.700000000000003,6,1,1,17.700000000000003
90190A,SILVER/CRYSTAL DROP EARRINGS W LEAF,17.700000000000003,6,1,1,17.700000000000003
90190B,GOLD/AMBER DROP EARRINGS W LEAF,17.700000000000003,6,1,1,17.700000000000003
90162A,ANT SILVER TURQUOISE BOUDICCA RING,17.700000000000003,6,1,1,17.700000000000003
90168,2 DAISIES HAIR COMB,17.700000000000003,6,1,1,17.700000000000003
20935,ROUND CACTUS CANDLE,17.700000000000003,6,4,4,4.425000000000001
90129E,PURPLE GLASS TASSLE BAG CHARM,17.700000000000003,6,1,1,17.700000000000003
90202A,PURPLE ENAMEL FLOWER HAIR TIE,17.700000000000003,6,1,1,17.700000000000003
90177E,DROP DIAMANTE EARRINGS GREEN,17.700000000000003,6,1,1,17.700000000000003
20664,TROPICAL HOLIDAY PURSE ,17.700000000000003,6,3,3,5.900000000000001
79331,PINK FLOCK GLASS CANDLEHOLDER,17.5,26,3,3,5.833333333333333
35597D,PINK/WHITE CHRISTMAS TREE 30CM,17.479999999999997,46,2,2,8.739999999999998
23236,STORAGE TIN VINTAGE DOILEY ,17.34,6,1,1,17.34
22963,JAM JAR WITH BLUE LID,17.28,24,1,1,17.28
90214J,"LETTER ""J"" BLING KEY RING",17.23,23,5,3,3.446
37489D,PINK/GREEN FLOWER DESIGN BIG MUG,17.16,40,16,16,1.0725
90026B,GLASS BEAD HOOP NECKLACE MONTANA,17.0,2,2,2,8.5
90024C,NEW BAROQUE B'FLY NECKLACE GREEN,17.0,2,1,1,17.0
90028,NEW BAROQUE LARGE NECKLACE BLK/WHIT,17.0,2,1,1,17.0
90026A,GLASS BEAD HOOP NECKLACE BLACK,17.0,2,1,1,17.0
35645,VINTAGE BEAD PINK JEWEL BOX,17.0,4,3,2,5.666666666666667
35916A,YELLOW FELT HANGING HEART W FLOWER,17.0,20,3,3,5.666666666666667
90024F,NEW BAROQUE B'FLY NECKLACE CRYSTAL,17.0,2,1,1,17.0
47574B,ENGLISH ROSE SCENTED HANGING HEART,17.0,4,2,2,8.5
90001B,ANTIQUE MID BLUE FLOWER EARRINGS,17.0,4,2,2,8.5
22777,GLASS BELL JAR LARGE,17.0,2,1,1,17.0
23342,MINT DINER CLOCK,17.0,2,1,1,17.0
37489B,BLUE/YELLOW FLOWER DESIGN BIG MUG,16.77,31,12,12,1.3975
90059E,DIAMANTE HAIR GRIP PACK/2 RUBY,16.5,10,3,3,5.5
23502,PLAYING CARDS VINTAGE DOILEY ,16.25,13,2,2,8.125
35647,VINTAGE BEAD PINK SHADE ,16.25,13,2,2,8.125
16248B,BLUE HOLE PUNCH,16.25,13,7,7,2.3214285714285716
84562A,PINK/WHITE RIBBED MELAMINE JUG,15.9,2,2,2,7.95
84795C,OCEAN STRIPE HAMMOCK ,15.9,2,1,1,15.9
85136B,BLUE SHARK HELICOPTER,15.9,2,2,2,7.95
22778,GLASS BELL JAR SMALL,15.8,4,1,1,15.8
21461,BLUE EASTER EGG HUNT START POST,15.6,8,4,4,3.9
78034B,BLUE NETTING STORAGE HANGER,15.6,8,6,6,2.6
20816,GOLD FLOWER CUSHION COVER ,15.6,8,2,1,7.8
35817P,"ACRYLIC JEWEL SNOWFLAKE,PINK",15.3,6,1,1,15.3
90169,DAISY HAIR COMB,15.3,6,1,1,15.3
22932,BAKING MOULD TOFFEE CUP  CHOCOLATE,15.3,6,1,1,15.3
90118,PINK DAISY BAG CHARM,15.3,6,1,1,15.3
90076,MONTANA DIAMOND CLUSTER EARRINGS,15.3,6,1,1,15.3
17107D,FLOWER FAIRY 5 SUMMER DRAW LINERS,15.3,6,1,1,15.3
90037B,TINY CRYSTAL BRACELET GREEN,15.3,6,1,1,15.3
44092C,PURPLE/COPPER HANGING LAMPSHADE,15.299999999999999,18,6,5,2.55
72024U,LILAC VOTIVE CANDLE,15.120000000000001,72,3,3,5.04
90214H,"LETTER ""H"" BLING KEY RING",15.02,22,6,4,2.5033333333333334
23251,ENAMEL MUG PANTRY,15.0,12,1,1,15.0
90078,PINK/WHITE GLASS DEMI CHOKER,15.0,2,1,1,15.0
90176C,DIAMANTE NECKLACE,15.0,2,1,1,15.0
90189A,SILVER 2 STRAND NECKLACE-LEAF CHARM,15.0,2,2,2,7.5
90176A,CLASSIC DIAMANTE NECKLACE JET,15.0,2,1,1,15.0
90163B,WHITE ROSEBUD & PEARL NECKLACE,15.0,2,1,1,15.0
84415A,PINK FLOCK SUEDE CUSHION COVER ,15.0,12,2,2,7.5
17191A,ROSE FLOWER CANDLE+INCENSE 16X16CM,15.0,4,2,1,7.5
84877A,PINK ROUND COMPACT MIRROR,15.0,12,1,1,15.0
90069,RUBY GLASS CLUSTER NECKLACE,15.0,2,1,1,15.0
84462,3 PINK HEN+CHICKS IN BASKET,15.0,12,6,6,2.5
84705C,PINK FLOCK PHOTO FRAME ,15.0,12,1,1,15.0
23212,PAINTED HEART WREATH WITH BELL,15.0,12,1,1,15.0
90176B,DIAMANTE NECKLACE BLACK ,15.0,2,1,1,15.0
23449,SET OF 6 EASTER RAINBOW CHICKS,15.0,12,1,1,15.0
23282,FOLDING MIRROR IVORY ,14.940000000000001,18,2,2,7.470000000000001
23281,FOLDING MIRROR RED  ,14.940000000000001,18,2,2,7.470000000000001
90156,RESIN BRACELET W PASTEL BEADS,14.850000000000001,3,2,2,7.425000000000001
90059B,DIAMANTE HAIR GRIP PACK/2 BLACK DIA,14.850000000000001,9,3,3,4.95
90159,COTE D'AZURE NECKLACE,14.850000000000001,3,2,2,7.425000000000001
90059F,DIAMANTE HAIR GRIP PACK/2 LT ROSE,14.850000000000001,9,3,3,4.95
84989A,75 GREEN FAIRY CAKE CASES,14.85,27,17,16,0.8735294117647059
90141D,ROSE PENDANT TRIPLE SHELL NECKLACE,14.85,3,1,1,14.85
90141E,ORANGE PENDANT TRIPLE SHELL NECKLAC,14.85,3,1,1,14.85
90046,WHITE WITH METAL BAG CHARM,14.85,3,1,1,14.85
90197B,BLACK GLASS BRACELET W HEART CHARMS,14.85,3,1,1,14.85
90048,GREEN WITH METAL BAG CHARM,14.85,3,1,1,14.85
85031C,CURIOUS IMAGES SCRAP BOOK SET,14.85,3,1,1,14.85
84593,CROCHET ROSE DES CLOTHES HANGER,14.750000000000002,5,1,1,14.750000000000002
90190C,SILVER/AMETHYST DROP EARRINGS LEAF,14.75,5,4,4,3.6875
16202B,PASTEL BLUE PHOTO ALBUM ,14.5,29,2,2,7.25
85084,HOLLY TOP CHRISTMAS STOCKING,14.45,17,6,6,2.408333333333333
37489A,YELLOW/PINK FLOWER DESIGN BIG MUG,14.43,33,14,14,1.0307142857142857
47593A,CAROUSEL PONIES BABY BIB,14.37,33,12,10,1.1975
62043B,BLUE CHECK BAG W HANDLE 34X20CM,14.110000000000001,17,5,5,2.822
90040B,MURANO STYLE GLASS BRACELET BLACK,14.0,4,2,2,7.0
23540,"WALL ART , THE MAGIC FOREST ",13.9,2,1,1,13.9
90083,CRYSTAL CZECH CROSS PHONE CHARM,13.69,19,4,2,3.4225
79336,LIGHT PINK FLOCK GLASS CANDLEHOLDER,13.679999999999998,36,3,2,4.56
37489C,GREEN/BLUE FLOWER DESIGN BIG MUG,13.65,23,8,8,1.70625
84745A,PINK HANGING GINGHAM EASTER HEN,13.44,32,5,5,2.6879999999999997
84745B,BLUE HANGING GINGHAM EASTER HEN,13.44,32,5,5,2.6879999999999997
90187B,GREEN DROP EARRINGS W BEAD CLUSTER,13.4,4,1,1,13.4
23271,CHRISTMAS TABLE CANDLE SILVER SPIKE,13.28,16,1,1,13.28
90059C,DIAMANTE HAIR GRIP PACK/2 MONTANA,13.200000000000001,8,3,3,4.4
37491C,GREEN/BLUE CERAMIC CANDLE HOLDER,13.2,8,1,1,13.2
22952,72 CAKE CASES VINTAGE CHRISTMAS,13.2,24,1,1,13.2
84388,WISE MAN STAR SHAPE EGG PAN,13.139999999999999,24,6,6,2.19
18097A,PINK TALL PORCELAIN T-LIGHT HOLDER ,12.75,5,4,4,3.1875
20892,SET/3 TALL GLASS CANDLE HOLDER PINK,12.75,1,1,1,12.75
90199B,5 STRAND GLASS NECKLACE AMETHYST,12.7,2,1,1,12.7
90199D,5 STRAND GLASS NECKLACE AMBER,12.7,2,2,2,6.35
23071,MARIE ANTOIENETT TRINKET BOX GOLD,12.5,1,1,1,12.5
84415B,BLUE FLOCK CUSHION COVER ,12.5,6,2,2,6.25
20671,BLUE TEATIME PRINT BOWL ,12.5,10,2,2,6.25
79329,PINK FLOCK GLASS CANDLEHOLDER,12.18,12,2,2,6.09
90021,LASER CUT MULTI STRAND NECKLACE,11.95,1,1,1,11.95
90178B,PURPLE CHUNKY GLASS+BEAD NECKLACE,11.95,1,1,1,11.95
84614A,PINK BAROQUE FLOCK CANDLE HOLDER,11.9,2,1,1,11.9
84620,BLUE GINGHAM ROSE CUSHION COVER,11.9,2,1,1,11.9
44092B,BLUE WHITE PLASTIC RINGS LAMPSHADE,11.899999999999999,14,5,4,2.38
21488,RED WHITE SCARF  HOT WATER BOTTLE,11.850000000000001,3,2,2,5.925000000000001
90186A,AMETHYST HOOP EARRING FLORAL LEAF,11.8,4,3,3,3.9333333333333336
90027A,GLASS BEAD HOOP EARRINGS BLACK,11.8,4,1,1,11.8
90027D,GLASS BEAD HOOP EARRINGS AMETHYST,11.8,4,1,1,11.8
37444B,BLUE BREAKFAST CUP AND SAUCER ,11.8,4,3,2,3.9333333333333336
20666,ECONOMY HOLIDAY PURSE,11.8,4,4,4,2.95
35818B,"ACRYLIC JEWEL ICICLE, BLUE",11.78,31,3,3,3.9266666666666663
16043,POP ART PUSH DOWN RUBBER ,11.759999999999998,98,2,2,5.879999999999999
20663,QUEEN OF THE SKIES HOLIDAY PURSE ,11.690000000000001,3,3,3,3.896666666666667
47369B,BLUE GREEN EMBROIDERY COSMETIC BAG,11.690000000000001,3,3,3,3.896666666666667
71050,SMALL SINGLE FLAME CANDLE HOLDER,11.55,33,6,5,1.925
72798C,SET/4 GARDEN ROSE DINNER CANDLE,11.549999999999999,7,3,3,3.8499999999999996
17164B,ASS COL SMALL SAND GECKO P'WEIGHT,11.34,27,9,9,1.26
16207B,PINK HEART RED HANDBAG,11.31,4,3,3,3.77
21836,GINGHAM OVEN GLOVE RED HEART ,11.25,3,2,2,5.625
84746,PINK EASTER HENS+FLOWER,11.25,3,1,1,11.25
23299,"FOOD COVER WITH BEADS , SET 2 SIZES",11.25,3,1,1,11.25
90212B,JET BLACK LAS VEGAS BRACELET ROUND,11.25,3,1,1,11.25
16162L,THE KING GIFT BAG,11.05,17,6,5,1.8416666666666668
90214P,"LETTER ""P"" BLING KEY RING",10.999999999999998,28,6,4,1.833333333333333
16162M,THE KING GIFT BAG 25x24x12cm,10.92,26,7,6,1.56
37488A,YELLOW PINK FLOWER DESIGN BIG BOWL,10.92,28,3,3,3.64
79026B,"S/4 ICON COASTER,ELVIS LIVES",10.61,25,9,7,1.1788888888888889
84016,FLAG OF ST GEORGE CAR FLAG,10.5,25,1,1,10.5
16161M,WRAP  PINK FLOCK,10.5,25,1,1,10.5
16169N,WRAP BLUE RUSSIAN FOLKART,10.5,25,1,1,10.5
35966,FOLKART CHRISTMAS TREE T-LIGHT HOLD,10.260000000000002,27,2,2,5.130000000000001
85109,PINK BOUDOIR T-LIGHT HOLDER,10.2,12,1,1,10.2
40005B,BLUE ORGANDY ROUND LAMPSHADE W BEA,10.2,12,4,4,2.55
37471,MULTICOLOUR POLKADOT PLATE,10.2,12,1,1,10.2
35958,FOLKART ZINC STAR CHRISTMAS DEC,10.2,12,3,3,3.4
44089C,LILAC GAUZE BUTTERFLY LAMPSHADE,10.08,24,6,6,1.68
90214N,"LETTER ""N"" BLING KEY RING",10.02,18,5,3,2.004
23086,ZINC STAR T-LIGHT HOLDER ,10.0,8,1,1,10.0
21226,POCKET MIRROR WOODLAND,10.0,8,4,4,2.5
35610A,PINK CHRISTMAS FLOCK DROPLET ,10.0,8,1,1,10.0
84689,S/2 BEACH HUT TREASURE CHESTS,9.95,3,2,2,4.975
90019B,GOLD M.O.P ORBIT BRACELET,9.9,2,2,2,4.95
90059D,DIAMANTE HAIR GRIP PACK/2 PERIDOT,9.9,6,1,1,9.9
90059A,DIAMANTE HAIR GRIP PACK/2 CRYSTAL,9.9,6,1,1,9.9
90205C,LARGE CRYSTAL DIAMANTE HAIRSLIDE,9.899999999999999,6,3,3,3.2999999999999994
44242A,LILAC FEATHERS CURTAIN,9.48,12,1,1,9.48
23441,HAND PAINTED HANGING EASTER EGG,9.24,22,3,3,3.08
35809B,ENAMEL BLUE RIM TEA CONTAINER,9.18,8,3,3,3.06
90181A,AMBER GLASS/SHELL/PEARL NECKLACE,8.95,1,1,1,8.95
20906,VINTAGE NOTEBOOK BEAUTY GIRL,8.850000000000001,3,2,2,4.425000000000001
84773,RED ROSE AND LACE C/COVER,8.850000000000001,3,1,1,8.850000000000001
45013,FOLDING SHOE TIDY,8.850000000000001,3,2,2,4.425000000000001
16206B,RED PURSE WITH PINK HEART,8.75,7,2,2,4.375
84732B,CUTE BIRD CEATURE SCREEN,8.58,22,2,2,4.29
90120D,WHITE MURANO TWIST BRACELET,8.5,2,2,2,4.25
90102,WHITE FRANGIPANI HAIR CLIP,8.5,10,1,1,8.5
90001C,ANTIQUE OPAL WHITE FLOWER EARRINGS,8.5,2,2,2,4.25
44265,M/COLOUR POM-POM CURTAIN,8.5,2,1,1,8.5
90024D,NEW BAROQUE B'FLY NECKLACE PINK,8.5,1,1,1,8.5
71143,SILVER BOOK MARK WITH BEADS,8.5,10,1,1,8.5
90167,BEADED LOVE HEART JEWELLERY SET,8.5,10,1,1,8.5
90001A,ANTIQUE RASPBERRY FLOWER EARRINGS,8.5,2,1,1,8.5
84975,HEART SHAPED MIRROR,8.45,5,2,2,4.225
22135,LADLE LOVE HEART PINK,7.98,19,3,3,2.66
47503J,SET/3 FLORAL GARDEN TOOLS IN BAG,7.95,1,1,1,7.95
84924F,PSYCHEDELIC METAL SIGN CALENDAR,7.9,10,3,3,2.6333333333333333
16244B,MAXWELL 2 TONE BLUE 60 PAGE PHOTO A,7.85,7,2,2,3.925
85189,HANGING BUTTERFLY  EGG,7.6499999999999995,9,3,2,2.55
90042A,FRESHWATER PEARL BRACELET GOLD,7.6499999999999995,3,2,1,3.8249999999999997
79149B,SILICON STAR BULB  BLUE,7.56,18,8,8,0.945
16202E,BLACK PHOTO ALBUM ,7.5,15,3,3,2.5
72815,3 WICK CHRISTMAS BRIAR CANDLE ,7.5,2,1,1,7.5
37379A,PINK CHERRY BLOSSOM CUP & SAUCER,7.5,6,1,1,7.5
90025A,BAROQUE BUTTERFLY EARRINGS BLACK,7.5,2,2,2,3.75
21827,EIGHT PIECE CREEPY CRAWLIE SET,7.5,6,3,3,2.5
62097B,BLUE STRIPES SHOULDER BAG,7.470000000000001,9,3,2,2.49
71496B,A4 WALL TIDY RED FLOWERS,7.37,13,4,4,1.8425
85144,JARDIN ETCHED GLASS BUTTER DISH,7.25,1,1,1,7.25
10124G,ARMY CAMO BOOKCOVER TAPE,7.14,17,4,4,1.785
90041,PEARL AND CHERRY QUARTZ BRACLET,7.0,2,1,1,7.0
84802B,PURPLE ANEMONE ARTIFICIAL FLOWER,6.76,4,1,1,6.76
90065B,BLACK VINT ART DEC CRYSTAL BRACELET,6.75,1,1,1,6.75
62074B,ELEPHANT CLIP W SUCTION CUP,6.72,16,4,4,1.68
10124A,SPOTS ON RED BOOKCOVER TAPE,6.72,16,5,5,1.3439999999999999
20678,LARGE BLACK DIAMANTE HAIRSLIDE,6.6,4,1,1,6.6
37491B,BLUE/YELLOW CERAMIC CANDLE HOLDER,6.6,4,1,1,6.6
85224,ASSORTED COLOUR SILK GLASSES CASE,6.300000000000001,3,1,1,6.300000000000001
44089A,PINK GAUZE BUTTERFLY LAMPSHADE,6.3,15,4,4,1.575
90214R,"LETTER ""R"" BLING KEY RING",6.27,15,4,3,1.5675
85225,BLING KEY RING STAND,6.25,6,3,3,2.0833333333333335
21228,"POCKET MIRROR ""GLAMOROUS""",6.25,5,2,2,3.125
35591T,TURQUOISE CHRISTMAS TREE ,6.25,5,4,4,1.5625
90214V,"LETTER ""V"" BLING KEY RING",5.9799999999999995,14,3,2,1.9933333333333332
90060B,FIRE POLISHED GLASS NECKL GOLD,5.95,1,1,1,5.95
90152B,BLUE/GREEN SHELL NECKLACE W PENDANT,5.95,1,1,1,5.95
90152C,BLUE/NAT SHELL NECKLACE W PENDANT,5.95,1,1,1,5.95
90179C,BLACK FINE BEAD NECKLACE W TASSEL,5.95,1,1,1,5.95
35443,RASTA IN BATH W SPLIFF ASHTRAY,5.949999999999999,7,5,5,1.19
84499,BLACK FLOWER CANDLE PLATE,5.949999999999999,7,2,2,2.9749999999999996
79161A,ST GEORGE SET OF 10 PARTY LIGHTS,5.9,2,2,2,2.95
90014B,GOLD M.O.P. ORBIT NECKLACE,5.9,2,2,2,2.95
35598C,WHITE CHRISTMAS TREE 60CM,5.9,2,2,2,2.95
84228,HEN HOUSE WITH CHICK STANDING,5.88,14,3,3,1.96
37462E,"PET MUG, GOLDFISH",5.59,27,4,4,1.3975
47013C,WINE BOTTLE DRESSING DARK BLUE,5.5,43,7,7,0.7857142857142857
21839,MUMMY MOUSE RED GINGHAM RIBBON,5.45,1,1,1,5.45
35004P,SET OF 3 PINK FLYING DUCKS,5.45,1,1,1,5.45
81953P,ROUND ARTICULATED PINK CLOCK W/SUCK,5.32,28,3,2,1.7733333333333334
20964,POLYESTER FILLER PAD 60x40cm,5.1,2,1,1,5.1
37509,NEW ENGLAND MUG W GIFT BOX,5.1,2,2,2,2.55
85017A,ENVELOPE 50 ROMANTIC IMAGES,5.1,6,2,2,2.55
90188,DROP EARRINGS W FLOWER & LEAF,5.1,2,2,2,2.55
16020C,CLEAR STATIONERY BOX SET ,5.1,6,2,1,2.55
90033,IVORY SHELL HEART EARRINGS,5.1,2,1,1,5.1
35916B,BLUE FELT HANGING HEART WITH FLOWER,5.1,6,1,1,5.1
35650,VINTAGE BEAD PINK JEWEL STAND,4.95,1,1,1,4.95
90122B,JADE CRYSTAL+GLASS BRACELET,4.95,1,1,1,4.95
85031B,BLOSSOM IMAGES SCRAP BOOK SET,4.95,1,1,1,4.95
90214B,"LETTER ""B"" BLING KEY RING",4.7299999999999995,13,2,2,2.3649999999999998
84613C,BLUE NEW BAROQUE FLOCK CANDLESTICK,4.65,1,1,1,4.65
79151B,"SILICON CUBE 25W, BLUE",4.62,11,2,2,2.31
71215,METAL BASE FOR CANDLES,4.62,11,2,2,2.31
35607A,PINK FLUFFY CHRISTMAS DECORATION,4.5600000000000005,24,1,1,4.5600000000000005
35817P,PINK ACRYLIC JEWEL SNOWFLAKE,4.5600000000000005,12,1,1,4.5600000000000005
84251C,"GREETING CARD, TWO SISTERS.",4.56,24,2,2,2.28
84206A,3 BLACK CATS W HEARTS BLANK CARD,4.56,24,3,3,1.5199999999999998
81950V,FLOWER PURPLE CLOCK WITH SUCKER,4.35,15,3,3,1.45
84732D,CUTE RABBIT CEATURE SCREEN ,4.29,11,2,2,2.145
20703,BLUE PADDED SOFT MOBILE,4.25,1,1,1,4.25
22199,FRYING PAN RED POLKADOT ,4.25,1,1,1,4.25
81950V,FLOWER PURPLE CLOCK W/SUCKER,4.25,5,3,3,1.4166666666666667
79157V,UBO-LIGHT TRIOBASE PURPLE,4.25,5,3,3,1.4166666666666667
21895,POTTING SHED SOW 'N' GROW SET,4.25,1,1,1,4.25
22218,CAKE STAND LACE WHITE,4.25,1,1,1,4.25
20861,GOLD COSMETIC BAG PINK STAR,4.2,2,2,2,2.1
47016,LIGHT DECORATION BATTERY OPERATED,4.2,2,1,1,4.2
23391, I LOVE LONDON MINI RUCKSACK,4.15,1,1,1,4.15
17174,ASSTD RASTA KEY-CHAINS,3.7800000000000002,9,3,3,1.26
44091A,BLUE CRUSOE CHECK LAMPSHADE,3.78,9,3,3,1.26
90214F,"LETTER ""F"" BLING KEY RING",3.7699999999999996,13,2,2,1.8849999999999998
37464,ROBOT MUG IN DISPLAY BOX,3.75,3,2,2,1.875
79192A,RETRO PLASTIC 70'S TRAY,3.75,3,2,2,1.875
90039C,FIRE POLISHED GLASS BRACELET BLACK,3.75,1,1,1,3.75
90025F,BAROQUE BUTTERFLY EARRINGS CRYSTAL,3.75,1,1,1,3.75
35271S,GOLD PRINT PAPER BAG,3.6100000000000003,19,2,2,1.8050000000000002
16010,FOLDING CAMPING SCISSOR W/KNIF & S,3.5999999999999996,30,3,3,1.2
16202A,PASTEL PINK PHOTO ALBUM ,3.5,7,2,2,1.75
90214W,"LETTER ""W"" BLING KEY RING",3.4799999999999995,12,1,1,3.4799999999999995
90214Z,"LETTER ""Z"" BLING KEY RING",3.4799999999999995,12,1,1,3.4799999999999995
90214O,"LETTER ""O"" BLING KEY RING",3.4799999999999995,12,1,1,3.4799999999999995
90214T,"LETTER ""T"" BLING KEY RING",3.4799999999999995,12,1,1,3.4799999999999995
90214U,"LETTER ""U"" BLING KEY RING",3.4799999999999995,12,1,1,3.4799999999999995
79157B,UBO-LIGHT TRIOBASE BLUE,3.4,4,2,2,1.7
84802A,WHITE ANEMONE ARTIFICIAL FLOWER,3.38,2,1,1,3.38
37491D,PURPLE/BLUE CERAMIC CANDLE HOLDER,3.3,2,1,1,3.3
10123C,HEARTS WRAPPING TAPE ,3.25,5,3,3,1.0833333333333333
47013A,WINE BOTTLE DRESSING LT.BLUE,3.0399999999999996,14,4,4,0.7599999999999999
23630,SET 10 CARDS HANGING BAUBLES 17080,2.99,1,1,1,2.99
90183C,BLACK DROP EARRINGS W LONG BEADS,2.95,1,1,1,2.95
90130A,WHITE STONE/CRYSTAL EARRINGS,2.95,1,1,1,2.95
90011A,MIDNIGHT BLUE CRYSTAL DROP EARRINGS,2.95,1,1,1,2.95
20667,CHERRY BLOSSOM PURSE,2.95,1,1,1,2.95
90014C,SILVER AND BLACK ORBIT NECKLACE,2.95,1,1,1,2.95
90054,CRACKED GLAZE EARRINGS RED,2.55,1,1,1,2.55
90100,NECKLACE+BRACELET SET PINK DAISY,2.55,1,1,1,2.55
90165B,WHITE ROSEBUD  PEARL EARRINGS,2.55,1,1,1,2.55
90055,CRACKED GLAZE EARRINGS BROWN,2.55,1,1,1,2.55
17028J,INCENSE BAZAAR PEACH,2.52,6,1,1,2.52
22134,LADLE LOVE HEART RED ,2.52,6,1,1,2.52
62096B,PURPLE/TURQ FLOWERS HANDBAG,2.5,2,1,1,2.5
90089,PINK CRYSTAL SKULL PHONE CHARM,2.4699999999999998,13,2,2,1.2349999999999999
84201B,HAPPY BIRTHDAY CARD STRIPEY TEDDY,2.4699999999999998,13,2,2,1.2349999999999999
37330,BIG POLKADOT MUG,2.34,6,1,1,2.34
46115B,GREEN POP ART MAO CUSHION COVER ,2.28,12,2,1,1.14
77079,DOLPHIN WINDMILL,2.12,1,1,1,2.12
85170A,SET/6 IVORY BIRD T-LIGHT CANDLES,2.1,1,1,1,2.1
90125E,AMBER BERTIE GLASS BEAD BAG CHARM,2.1,1,1,1,2.1
21414,SCALLOP SHELL SOAP DISH,2.1,1,1,1,2.1
47579,TEA TIME BREAKFAST BASKET,2.1,1,1,1,2.1
81953B,ROUND BLUE CLOCK WITH SUCKER,2.09,11,3,2,0.6966666666666667
84731,3 BIRDS CANVAS SCREEN,2.04,2,2,2,1.02
22323,PINK POLKADOT KIDS BAG,1.95,1,1,1,1.95
22146,EASTER CRAFT IVY WREATH WITH CHICK,1.95,1,1,1,1.95
23664,FLOWER SHOP DESIGN MUG,1.65,1,1,1,1.65
84551,CROCHET DOG KEYRING,1.65,1,1,1,1.65
84550,CROCHET LILAC/RED BEAR KEYRING,1.65,1,1,1,1.65
37351,ORANGE FLOWER MUG ,1.56,4,1,1,1.56
84206C,CHAMPAGNE TRAY BLANK CARD,1.52,8,2,2,0.76
22034,ROBIN CHRISTMAS CARD,1.26,3,1,1,1.26
84569C,PACK 4 FLOWER/BUTTERFLY PATCHES,1.25,1,1,1,1.25
35597B,BLACKCHRISTMAS TREE 30CM,1.25,1,1,1,1.25
90071,RUBY GLASS CLUSTER EARRINGS,1.25,1,1,1,1.25
23370,SET 36 COLOURING PENCILS DOILEY,1.25,1,1,1,1.25
35597A,DUSTY PINK CHRISTMAS TREE 30CM,1.25,1,1,1,1.25
90128B,BLUE LEAVES AND BEADS PHONE CHARM,1.25,1,1,1,1.25
37461,FUNKY MONKEY MUG,1.25,1,1,1,1.25
84743C,ORANGE FELT VASE + FLOWERS,1.25,1,1,1,1.25
84990,60 GOLD AND SILVER FAIRY CAKE CASES,1.1,2,2,2,0.55
84201C,HAPPY BIRTHDAY CARD TEDDY/CAKE,0.95,5,1,1,0.95
84206B,CAT WITH SUNGLASSES BLANK CARD,0.95,5,1,1,0.95
90104,PURPLE FRANGIPANI HAIRCLIP,0.85,1,1,1,0.85
90084,PINK CRYSTAL GUITAR PHONE CHARM,0.85,1,1,1,0.85
21268,VINTAGE BLUE TINSEL REEL,0.84,2,1,1,0.84
23366,SET 12 COLOURING PENCILS DOILEY,0.65,1,1,1,0.65
84227,HEN HOUSE W CHICK IN NEST,0.42,1,1,1,0.42
PADS,PADS TO MATCH ALL CUSHIONS,0.003,3,3,3,0.001
